customer_id,recency_days,frequency,monetary,r_score,f_score,m_score,rfm_score,customer_segment
17754,0,16,4383.08,4,4,4,444,Champions
17315,0,49,9467.45,4,4,4,444,Champions
12713,0,1,794.55,4,1,2,412,Recent Customers
16705,0,61,42653.14,4,4,4,444,Champions
13777,0,73,49228.16,4,4,4,444,Champions
16446,0,4,2.90,4,3,1,431,Low Engagement
14397,0,23,2556.68,4,4,4,444,Champions
13113,0,60,16250.09,4,4,4,444,Champions
13069,0,42,8358.79,4,4,4,444,Champions
12748,0,365,46674.18,4,4,4,444,Champions
12423,0,11,2291.19,4,4,4,444,Champions
16558,0,47,13149.56,4,4,4,444,Champions
17581,0,53,17543.99,4,4,4,444,Champions
14446,0,5,1195.48,4,3,3,433,Champions
16954,0,21,6037.33,4,4,4,444,Champions
18102,0,153,578408.64,4,4,4,444,Champions
16626,0,20,4379.65,4,4,4,444,Champions
12433,0,11,16794.14,4,4,4,444,Champions
12680,0,4,790.81,4,3,2,432,Loyal Customers
14051,0,42,21441.48,4,4,4,444,Champions
15344,0,5,476.58,4,3,2,432,Loyal Customers
17490,0,13,2595.01,4,4,4,444,Champions
12662,0,22,6091.69,4,4,4,444,Champions
14422,0,21,10200.92,4,4,4,444,Champions
12526,0,3,1172.66,4,2,3,423,Recent Customers
17364,0,31,11587.05,4,4,4,444,Champions
17428,0,51,30885.06,4,4,4,444,Champions
15694,0,29,9719.13,4,4,4,444,Champions
12518,0,5,1840.89,4,3,3,433,Champions
15910,0,15,2661.17,4,4,4,444,Champions
17389,0,77,54945.68,4,4,4,444,Champions
15311,0,270,111444.36,4,4,4,444,Champions
17001,0,19,6640.80,4,4,4,444,Champions
12985,0,3,1215.62,4,2,3,423,Recent Customers
15498,0,55,24739.06,4,4,4,444,Champions
15804,0,19,3848.55,4,4,4,444,Champions
14441,0,19,4426.99,4,4,4,444,Champions
13426,0,24,8084.38,4,4,4,444,Champions
12523,1,30,3877.05,4,4,4,444,Champions
17243,1,80,20004.03,4,4,4,444,Champions
15951,1,4,974.52,4,3,3,433,Champions
15520,1,1,343.50,4,1,2,412,Recent Customers
15877,1,3,437.83,4,2,2,422,Recent Customers
13890,1,22,2858.73,4,4,4,444,Champions
17830,1,3,398.70,4,2,2,422,Recent Customers
13026,1,13,1697.74,4,4,3,443,Champions
13077,1,14,2716.15,4,4,4,444,Champions
16442,1,5,891.98,4,3,3,433,Champions
18210,1,7,2768.83,4,3,4,434,Champions
13394,1,24,6329.38,4,4,4,444,Champions
16892,1,9,726.05,4,4,2,442,Loyal Customers
15950,1,13,6878.71,4,4,4,444,Champions
17673,1,15,4156.63,4,4,4,444,Champions
15399,1,3,815.77,4,2,2,422,Recent Customers
14442,1,12,5272.02,4,4,4,444,Champions
17757,1,60,8990.49,4,4,4,444,Champions
15453,1,7,1371.77,4,3,3,433,Champions
14911,1,510,258522.43,4,4,4,444,Champions
15898,1,29,4930.75,4,4,4,444,Champions
17144,1,2,984.57,4,2,3,423,Recent Customers
13013,1,31,11073.48,4,4,4,444,Champions
15189,1,58,17101.13,4,4,4,444,Champions
16161,1,57,12279.97,4,4,4,444,Champions
14719,1,6,1571.89,4,3,3,433,Champions
15214,1,8,1661.44,4,3,3,433,Champions
14698,1,5,1217.27,4,3,3,433,Champions
14129,1,9,2591.34,4,4,4,444,Champions
16833,1,6,2409.04,4,3,4,434,Champions
17644,1,28,5864.54,4,4,4,444,Champions
14653,1,12,3404.80,4,4,4,444,Champions
15237,1,4,1412.32,4,3,3,433,Champions
14520,1,2,270.60,4,2,1,421,Recent Customers
16358,1,6,2917.10,4,3,4,434,Champions
14251,1,5,2879.70,4,3,4,434,Champions
17949,1,138,98469.06,4,4,4,444,Champions
13408,1,135,49751.36,4,4,4,444,Champions
14702,1,32,6298.48,4,4,4,444,Champions
13599,1,52,9435.47,4,4,4,444,Champions
18223,1,52,13504.67,4,4,4,444,Champions
17528,1,11,3540.10,4,4,4,444,Champions
12358,1,5,3447.07,4,3,4,434,Champions
14415,1,32,11803.62,4,4,4,444,Champions
17668,1,2,347.75,4,2,2,422,Recent Customers
14056,1,29,8063.30,4,4,4,444,Champions
13436,1,1,196.89,4,1,1,411,Recent Customers
13860,1,6,1240.00,4,3,3,433,Champions
13404,1,2,252.49,4,2,1,421,Recent Customers
15208,1,7,968.02,4,3,3,433,Champions
13269,1,30,8507.01,4,4,4,444,Champions
16688,1,4,1260.86,4,3,3,433,Champions
13954,1,3,378.59,4,2,2,422,Recent Customers
14217,1,33,3105.52,4,4,4,444,Champions
14621,1,16,2878.27,4,4,4,444,Champions
14606,1,259,28913.22,4,4,4,444,Champions
12437,1,47,11011.85,4,4,4,444,Champions
15755,1,20,5936.95,4,4,4,444,Champions
17554,1,5,1952.45,4,3,3,433,Champions
13078,1,95,28369.44,4,4,4,444,Champions
17841,1,289,67287.06,4,4,4,444,Champions
13314,1,4,593.51,4,3,2,432,Loyal Customers
17405,1,5,967.22,4,3,3,433,Champions
14569,1,4,597.33,4,3,2,432,Loyal Customers
13471,1,4,2501.84,4,3,4,434,Champions
14646,1,164,523202.74,4,4,4,444,Champions
13883,1,26,6321.59,4,4,4,444,Champions
18109,1,45,9416.41,4,4,4,444,Champions
17436,1,7,521.31,4,3,2,432,Loyal Customers
12621,1,44,21900.70,4,4,4,444,Champions
13081,1,44,55968.97,4,4,4,444,Champions
13318,1,3,640.76,4,2,2,422,Recent Customers
17526,1,16,3450.04,4,4,4,444,Champions
15443,1,16,5054.44,4,4,4,444,Champions
13924,1,11,1682.08,4,4,3,443,Champions
17530,1,13,2786.15,4,4,4,444,Champions
14135,1,25,8800.80,4,4,4,444,Champions
16933,1,16,3017.65,4,4,4,444,Champions
16891,1,11,1727.94,4,4,3,443,Champions
17631,1,7,998.49,4,3,3,433,Champions
13521,1,3,1070.47,4,2,3,423,Recent Customers
17924,1,14,3189.53,4,4,4,444,Champions
13102,1,42,11123.30,4,4,4,444,Champions
13510,1,17,4488.39,4,4,4,444,Champions
16019,1,35,16503.46,4,4,4,444,Champions
13298,1,1,360.00,4,1,2,412,Recent Customers
17451,1,10,1648.95,4,4,3,443,Champions
14138,1,2,965.88,4,2,3,423,Recent Customers
13536,1,7,3444.39,4,3,4,434,Champions
17856,1,6,1393.79,4,3,3,433,Champions
17522,1,5,1066.15,4,3,3,433,Champions
13098,1,41,28658.88,4,4,4,444,Champions
17491,1,18,5636.72,4,4,4,444,Champions
14191,1,17,4713.41,4,4,4,444,Champions
15187,1,18,4655.08,4,4,4,444,Champions
16322,1,2,326.75,4,2,2,422,Recent Customers
14730,1,8,1897.57,4,3,3,433,Champions
17677,1,91,34233.35,4,4,4,444,Champions
17675,1,90,37067.02,4,4,4,444,Champions
13798,1,125,73177.50,4,4,4,444,Champions
13680,1,13,9899.56,4,4,4,444,Champions
16210,1,37,33545.52,4,4,4,444,Champions
15159,1,38,22049.40,4,4,4,444,Champions
16523,1,39,11760.54,4,4,4,444,Champions
13468,1,87,12518.01,4,4,4,444,Champions
15796,1,22,5066.33,4,4,4,444,Champions
14796,1,39,9971.20,4,4,4,444,Champions
16401,1,39,6629.24,4,4,4,444,Champions
13263,1,39,8650.98,4,4,4,444,Champions
15484,1,7,4620.90,4,3,4,434,Champions
12476,1,38,11920.12,4,4,4,444,Champions
12955,1,14,4734.26,4,4,4,444,Champions
16794,1,17,2029.48,4,4,3,443,Champions
12558,1,2,0.00,4,2,1,421,Recent Customers
14291,1,25,7844.40,4,4,4,444,Champions
15156,1,3,961.49,4,2,3,423,Recent Customers
17511,2,85,168504.44,4,4,4,444,Champions
14739,2,28,11555.69,4,4,4,444,Champions
15750,2,24,6362.60,4,4,4,444,Champions
14189,2,25,5453.38,4,4,4,444,Champions
13756,2,25,8595.65,4,4,4,444,Champions
14032,2,25,4482.21,4,4,4,444,Champions
17049,2,25,9588.83,4,4,4,444,Champions
13767,2,96,33480.82,4,4,4,444,Champions
16539,2,10,3289.66,4,4,4,444,Champions
16426,2,10,1863.76,4,4,3,443,Champions
17449,2,14,4849.15,4,4,4,444,Champions
17870,2,14,2748.34,4,4,4,444,Champions
18237,2,5,987.10,4,3,3,433,Champions
16971,2,2,357.21,4,2,2,422,Recent Customers
12785,2,5,883.31,4,3,3,433,Champions
14132,2,12,3580.13,4,4,4,444,Champions
16779,2,62,32522.40,4,4,4,444,Champions
14794,2,13,1889.15,4,4,3,443,Champions
13534,2,60,7324.50,4,4,4,444,Champions
14141,2,6,879.03,4,3,3,433,Champions
12462,2,4,872.01,4,3,3,433,Champions
14708,2,6,1763.52,4,3,3,433,Champions
16525,2,54,22919.40,4,4,4,444,Champions
13089,2,247,109893.24,4,4,4,444,Champions
17097,2,10,1126.86,4,4,3,443,Champions
13109,2,7,1107.58,4,3,3,433,Champions
12826,2,15,2784.20,4,4,4,444,Champions
13267,2,50,9212.06,4,4,4,444,Champions
14087,2,5,786.72,4,3,2,432,Loyal Customers
13668,2,47,12607.68,4,4,4,444,Champions
15883,2,2,396.48,4,2,2,422,Recent Customers
15525,2,5,872.82,4,3,3,433,Champions
15568,2,3,758.29,4,2,2,422,Recent Customers
12783,2,8,1295.87,4,3,3,433,Champions
12615,2,11,5186.88,4,4,4,444,Champions
14904,2,4,1630.49,4,3,3,433,Champions
12720,2,41,6710.49,4,4,4,444,Champions
17017,2,41,12397.49,4,4,4,444,Champions
16191,2,40,15155.17,4,4,4,444,Champions
16678,2,17,3025.24,4,4,4,444,Champions
17266,2,5,501.72,4,3,2,432,Loyal Customers
16368,2,3,621.44,4,2,2,422,Recent Customers
17590,2,3,1466.77,4,2,3,423,Recent Customers
14534,2,38,5698.37,4,4,4,444,Champions
16817,2,18,2392.85,4,4,4,444,Champions
12471,2,129,33294.92,4,4,4,444,Champions
13014,2,18,5220.83,4,4,4,444,Champions
13870,2,18,5689.84,4,4,4,444,Champions
17602,2,18,7240.73,4,4,4,444,Champions
17412,2,19,4187.68,4,4,4,444,Champions
15136,2,5,1282.45,4,3,3,433,Champions
12569,2,35,3128.99,4,4,4,444,Champions
12935,2,19,4182.01,4,4,4,444,Champions
17503,2,2,558.96,4,1,2,412,Recent Customers
18219,2,19,3297.20,4,4,4,444,Champions
12347,2,8,4921.53,4,4,4,444,Champions
15471,2,3,1292.01,4,2,3,423,Recent Customers
14085,2,34,9692.92,4,4,4,444,Champions
16271,2,11,3361.87,4,4,4,444,Champions
17434,2,9,2333.42,4,4,4,444,Champions
18092,2,20,14687.47,4,4,4,444,Champions
13685,2,7,3119.44,4,3,4,434,Champions
14910,2,7,389.86,4,3,2,432,Loyal Customers
12950,2,3,1843.00,4,2,3,423,Recent Customers
15984,2,32,8304.82,4,4,4,444,Champions
17835,2,3,342.24,4,2,2,422,Recent Customers
12747,2,32,8786.53,4,4,4,444,Champions
15195,2,1,3861.00,4,1,4,414,Recent Customers
17042,2,5,1036.58,4,3,3,433,Champions
17238,2,32,7331.17,4,4,4,444,Champions
12828,2,6,1018.71,4,3,3,433,Champions
18273,2,4,357.00,4,2,2,422,Recent Customers
12583,2,31,12409.04,4,4,4,444,Champions
14204,2,4,1024.83,4,3,3,433,Champions
14769,2,21,15437.25,4,4,4,444,Champions
12839,2,31,9529.72,4,4,4,444,Champions
14527,2,190,26359.18,4,4,4,444,Champions
18272,2,11,4347.33,4,4,4,444,Champions
13882,2,6,1131.28,4,3,3,433,Champions
13949,2,6,2427.32,4,3,4,434,Champions
13743,2,8,1340.15,4,4,3,443,Champions
15701,2,4,1529.00,4,3,3,433,Champions
15969,2,6,1043.85,4,3,3,433,Champions
12375,2,3,375.42,4,2,2,422,Recent Customers
16393,2,30,5192.61,4,4,4,444,Champions
16458,2,30,5690.89,4,4,4,444,Champions
17091,2,23,7462.15,4,4,4,444,Champions
17232,2,2,417.77,4,2,2,422,Recent Customers
15298,2,29,7958.43,4,4,4,444,Champions
13769,2,29,5444.33,4,4,4,444,Champions
16672,2,23,8119.69,4,4,4,444,Champions
17735,2,29,16707.98,4,4,4,444,Champions
16000,2,3,12393.70,4,2,4,424,Recent Customers
12912,2,5,1662.30,4,3,3,433,Champions
14395,2,24,7754.73,4,4,4,444,Champions
12749,3,16,6278.49,4,4,4,444,Champions
12967,3,5,2472.37,4,3,4,434,Champions
15814,3,8,2531.84,4,4,4,444,Champions
18225,3,34,12643.25,4,4,4,444,Champions
14869,3,9,2750.70,4,4,4,444,Champions
17346,3,27,4926.43,4,4,4,444,Champions
16949,3,7,1161.27,4,3,3,433,Champions
12877,3,20,2942.14,4,4,4,444,Champions
14216,3,6,2142.39,4,3,4,434,Champions
17861,3,22,5025.19,4,4,4,444,Champions
16711,3,10,2751.48,4,4,4,444,Champions
13362,3,10,5357.57,4,4,4,444,Champions
14868,3,13,4170.06,4,4,4,444,Champions
12921,3,103,33951.65,4,4,4,444,Champions
12820,3,13,2647.94,4,4,4,444,Champions
16987,3,12,2487.55,4,4,4,444,Champions
17884,3,23,2649.47,4,4,4,444,Champions
14562,3,30,6314.30,4,4,4,444,Champions
12417,3,27,5889.71,4,4,4,444,Champions
14907,3,23,5476.62,4,4,4,444,Champions
14293,3,10,2809.41,4,4,4,444,Champions
15023,3,23,11477.01,4,4,4,444,Champions
15318,3,1,312.62,4,1,1,411,Recent Customers
16929,3,7,1295.39,4,3,3,433,Champions
16979,3,12,2787.09,4,4,4,444,Champions
13755,3,10,2101.39,4,4,3,443,Champions
14673,3,7,3037.32,4,3,4,434,Champions
17883,3,8,972.52,4,3,3,433,Champions
14543,3,50,11958.76,4,4,4,444,Champions
14282,3,26,7245.76,4,4,4,444,Champions
15157,3,7,2597.88,4,3,4,434,Champions
13881,3,51,44392.50,4,4,4,444,Champions
17250,3,2,381.97,4,2,2,422,Recent Customers
16313,3,2,274.15,4,2,1,421,Recent Customers
12682,3,53,20648.12,4,4,4,444,Champions
12716,3,2,963.49,4,2,3,423,Recent Customers
16495,3,3,648.26,4,2,2,422,Recent Customers
16076,3,11,2173.53,4,4,4,444,Champions
16201,3,6,2070.17,4,3,3,433,Champions
18154,3,5,932.60,4,3,3,433,Champions
17857,3,26,25653.84,4,4,4,444,Champions
17593,3,15,8040.52,4,4,4,444,Champions
14572,3,15,5479.08,4,4,4,444,Champions
14113,3,31,6156.75,4,4,4,444,Champions
15061,3,138,124982.13,4,4,4,444,Champions
14825,3,27,4696.28,4,4,4,444,Champions
12709,3,55,28708.10,4,4,4,444,Champions
17914,3,1,329.36,4,1,2,412,Recent Customers
17730,3,23,7757.35,4,4,4,444,Champions
17119,3,3,593.61,4,2,2,422,Recent Customers
12478,3,1,545.99,4,1,2,412,Recent Customers
14735,3,59,11899.66,4,4,4,444,Champions
14578,3,1,168.63,4,1,1,411,Recent Customers
17290,3,8,1427.48,4,3,3,433,Champions
13199,3,69,15921.30,4,4,4,444,Champions
14121,3,6,2740.30,4,3,4,434,Champions
15907,3,3,881.87,4,2,3,423,Recent Customers
13104,3,9,1709.10,4,4,3,443,Champions
16569,3,5,1455.23,4,3,3,433,Champions
13709,3,22,7492.41,4,4,4,444,Champions
14737,3,4,3554.17,4,3,4,434,Champions
16571,3,17,4025.05,4,4,4,444,Champions
16133,3,78,22228.88,4,4,4,444,Champions
18005,3,2,226.47,4,2,1,421,Recent Customers
13225,3,17,15879.27,4,4,4,444,Champions
12753,3,11,21024.01,4,4,4,444,Champions
12584,3,18,1809.95,4,4,3,443,Champions
17666,3,5,2047.80,4,3,3,433,Champions
16554,3,18,2407.17,4,4,4,444,Champions
13694,3,164,190391.50,4,4,4,444,Champions
15194,3,39,11781.52,4,4,4,444,Champions
16528,3,1,244.41,4,1,1,411,Recent Customers
16764,3,18,2749.95,4,4,4,444,Champions
17705,3,12,2041.50,4,4,3,443,Champions
15822,3,8,1797.71,4,3,3,433,Champions
14071,3,9,1291.34,4,4,3,443,Champions
14418,3,3,1937.25,4,2,3,423,Recent Customers
18167,3,6,1361.51,4,3,3,433,Champions
12650,3,1,242.44,4,1,1,411,Recent Customers
12989,3,39,12846.80,4,4,4,444,Champions
12723,3,5,707.07,4,3,2,432,Loyal Customers
14655,3,12,3836.73,4,4,4,444,Champions
17659,3,17,3536.33,4,4,4,444,Champions
14503,3,6,3543.26,4,3,4,434,Champions
14140,3,3,920.05,4,2,3,423,Recent Customers
15992,3,3,896.60,4,2,3,423,Recent Customers
13994,3,6,2274.14,4,3,4,434,Champions
12971,3,120,15218.05,4,4,4,444,Champions
13507,3,4,2479.16,4,3,4,434,Champions
15622,3,30,7318.08,4,4,4,444,Champions
13914,3,3,613.95,4,2,2,422,Recent Customers
14298,3,84,90489.31,4,4,4,444,Champions
12766,3,11,8093.14,4,4,4,444,Champions
12479,3,3,423.30,4,2,2,422,Recent Customers
17728,3,8,4206.16,4,3,4,434,Champions
16353,3,41,9781.93,4,4,4,444,Champions
13255,3,4,669.91,4,3,2,432,Loyal Customers
18283,3,22,2658.95,4,4,4,444,Champions
12442,3,1,144.06,4,1,1,411,Recent Customers
16790,3,8,1520.12,4,3,3,433,Champions
14871,3,9,1228.17,4,4,3,443,Champions
16143,3,16,4511.13,4,4,4,444,Champions
17744,3,8,2649.14,4,4,4,444,Champions
13323,3,5,787.85,4,3,2,432,Loyal Customers
16620,3,6,1758.93,4,3,3,433,Champions
14110,3,35,12959.60,4,4,4,444,Champions
17611,3,35,8149.93,4,4,4,444,Champions
14547,3,9,3953.95,4,4,4,444,Champions
12362,3,14,4665.58,4,4,4,444,Champions
16015,3,4,689.41,4,3,2,432,Loyal Customers
16013,3,94,51615.64,4,4,4,444,Champions
16016,3,14,2053.00,4,4,3,443,Champions
17481,3,5,1249.34,4,3,3,433,Champions
16642,4,5,1051.46,4,3,3,433,Champions
18180,4,6,1843.75,4,3,3,433,Champions
16684,4,65,141530.29,4,4,4,444,Champions
17811,4,60,9351.83,4,4,4,444,Champions
15856,4,58,31871.79,4,4,4,444,Champions
17920,4,56,23563.33,4,4,4,444,Champions
15358,4,55,16213.65,4,4,4,444,Champions
14194,4,54,18442.87,4,4,4,444,Champions
16597,4,1,90.04,4,1,1,411,Recent Customers
18030,4,3,220.70,4,2,1,421,Recent Customers
16746,4,46,18010.50,4,4,4,444,Champions
13311,4,2,598.57,4,2,2,422,Recent Customers
17706,4,43,19066.07,4,4,4,444,Champions
16379,4,5,2131.90,4,3,3,433,Champions
12841,4,42,6808.00,4,4,4,444,Champions
14696,4,10,2465.30,4,4,4,444,Champions
12994,4,5,902.22,4,3,3,433,Champions
13001,4,37,24006.60,4,4,4,444,Champions
14759,4,3,1625.97,4,2,3,423,Recent Customers
17254,4,3,469.48,4,2,2,422,Recent Customers
14096,4,34,53258.43,4,4,4,444,Champions
15640,4,34,23340.29,4,4,4,444,Champions
16592,4,34,7624.46,4,4,4,444,Champions
18015,4,1,120.03,4,1,1,411,Recent Customers
14060,4,32,8882.30,4,4,4,444,Champions
16500,4,10,835.96,4,4,3,443,Champions
14629,4,3,935.46,4,2,3,423,Recent Customers
13230,4,31,6065.95,4,4,4,444,Champions
16682,4,5,1028.00,4,3,3,433,Champions
15290,4,30,10355.58,4,4,4,444,Champions
12646,4,2,1346.97,4,2,3,423,Recent Customers
17404,4,28,45863.82,4,4,4,444,Champions
16149,4,3,422.22,4,2,2,422,Recent Customers
17817,4,7,781.45,4,3,2,432,Loyal Customers
12683,4,27,10167.52,4,4,4,444,Champions
12367,4,1,150.90,4,1,1,411,Recent Customers
17402,4,26,4566.41,4,4,4,444,Champions
14401,4,25,6703.40,4,4,4,444,Champions
13083,4,3,395.43,4,2,2,422,Recent Customers
13985,4,24,9982.31,4,4,4,444,Champions
17383,4,2,304.09,4,2,1,421,Recent Customers
15572,4,10,3965.20,4,4,4,444,Champions
13021,4,24,4806.66,4,4,4,444,Champions
15145,4,4,1194.73,4,3,3,433,Champions
15274,4,2,716.57,4,2,2,422,Recent Customers
15690,4,2,239.76,4,2,1,421,Recent Customers
15628,4,21,5284.18,4,4,4,444,Champions
15854,4,21,5578.28,4,4,4,444,Champions
16904,4,21,4656.56,4,4,4,444,Champions
12957,4,21,8628.42,4,4,4,444,Champions
15097,4,5,587.05,4,3,2,432,Loyal Customers
14083,4,11,1082.19,4,4,3,443,Champions
18198,4,21,5083.06,4,4,4,444,Champions
15621,4,6,1158.77,4,3,3,433,Champions
16851,4,3,342.45,4,2,2,422,Recent Customers
14546,4,20,4987.97,4,4,4,444,Champions
15033,4,11,2538.23,4,4,4,444,Champions
13417,4,7,1593.89,4,3,3,433,Champions
18044,4,19,3502.66,4,4,4,444,Champions
14793,4,3,611.05,4,2,2,422,Recent Customers
17006,4,8,1635.27,4,3,3,433,Champions
13126,4,19,3679.03,4,4,4,444,Champions
16811,4,2,547.07,4,2,2,422,Recent Customers
17218,4,18,3889.39,4,4,4,444,Champions
16360,4,8,3349.57,4,3,4,434,Champions
16057,4,17,3202.07,4,4,4,444,Champions
15932,4,11,2461.85,4,4,4,444,Champions
16873,4,17,14547.03,4,4,4,444,Champions
17426,4,17,7606.37,4,4,4,444,Champions
16968,4,2,439.43,4,2,2,422,Recent Customers
15031,4,16,2813.73,4,4,4,444,Champions
14219,4,3,633.83,4,2,2,422,Recent Customers
14649,4,11,3630.04,4,4,4,444,Champions
16600,4,16,2093.56,4,4,3,443,Champions
14777,4,4,239.26,4,3,1,431,Low Engagement
12381,4,6,1433.46,4,3,3,433,Champions
13305,4,16,3616.41,4,4,4,444,Champions
14608,4,12,3263.44,4,4,4,444,Champions
16513,4,4,874.59,4,3,3,433,Champions
17090,4,15,2986.64,4,4,4,444,Champions
12628,4,4,715.61,4,3,2,432,Loyal Customers
13079,4,6,419.18,4,3,2,432,Loyal Customers
15392,4,8,2891.82,4,3,4,434,Champions
13790,4,1,348.80,4,1,2,412,Recent Customers
17579,4,5,744.58,4,3,2,432,Loyal Customers
16910,4,8,1508.96,4,4,3,443,Champions
15550,4,14,1987.85,4,4,3,443,Champions
12782,4,14,3770.04,4,4,4,444,Champions
14075,4,6,1724.87,4,3,3,433,Champions
12925,4,3,729.33,4,2,2,422,Recent Customers
13173,4,13,2370.97,4,4,4,444,Champions
17676,4,13,2409.73,4,4,4,444,Champions
14931,4,6,864.68,4,3,3,433,Champions
16200,4,13,5594.60,4,4,4,444,Champions
12913,4,13,6283.24,4,4,4,444,Champions
14198,4,13,1527.58,4,4,3,443,Champions
15053,4,3,693.95,4,2,2,422,Recent Customers
14720,5,3,663.81,4,2,2,422,Recent Customers
14658,5,2,247.15,4,2,1,421,Recent Customers
17954,5,26,3697.19,4,4,4,444,Champions
17618,5,13,3976.34,4,4,4,444,Champions
16438,5,5,798.35,4,3,2,432,Loyal Customers
16931,5,23,5032.22,4,4,4,444,Champions
14354,5,2,163.62,4,2,1,421,Recent Customers
17858,5,32,12458.65,4,4,4,444,Champions
16283,5,12,4256.17,4,4,4,444,Champions
14102,5,8,1060.33,4,3,3,433,Champions
17827,5,7,2369.42,4,3,4,434,Champions
12952,5,5,1382.84,4,3,3,433,Champions
12827,5,3,430.15,4,2,2,422,Recent Customers
17114,5,10,739.72,4,4,2,442,Loyal Customers
13838,5,10,1690.07,4,4,3,443,Champions
13736,5,12,2701.27,4,4,4,444,Champions
12724,5,7,2083.52,4,3,3,433,Champions
13319,5,78,20974.96,4,4,4,444,Champions
17629,5,11,2425.52,4,4,4,444,Champions
13596,5,2,664.11,4,2,2,422,Recent Customers
13435,5,11,4431.93,4,4,4,444,Champions
14456,5,14,3000.80,4,4,4,444,Champions
16535,5,3,952.04,4,2,3,423,Recent Customers
13704,5,10,2295.31,4,4,4,444,Champions
17936,5,1,380.13,4,1,2,412,Recent Customers
15773,5,2,774.52,4,2,2,422,Recent Customers
16988,5,2,382.67,4,2,2,422,Recent Customers
17131,5,5,2463.17,4,3,4,434,Champions
18065,5,32,5816.88,4,4,4,444,Champions
13822,5,2,632.00,4,2,2,422,Recent Customers
13153,5,1,486.22,4,1,2,412,Recent Customers
14583,5,8,1660.29,4,3,3,433,Champions
16326,5,26,4601.25,4,4,4,444,Champions
16905,5,20,4674.62,4,4,4,444,Champions
13808,5,5,1747.66,4,3,3,433,Champions
13630,5,11,1995.68,4,4,3,443,Champions
16033,5,36,10465.07,4,4,4,444,Champions
12490,5,22,8759.64,4,4,4,444,Champions
12673,5,3,1140.02,4,2,3,423,Recent Customers
15867,5,35,8780.77,4,4,4,444,Champions
17173,5,9,3755.65,4,4,4,444,Champions
13558,5,4,594.52,4,3,2,432,Loyal Customers
12719,5,3,536.10,4,2,2,422,Recent Customers
17750,5,9,1694.16,4,4,3,443,Champions
16561,5,2,511.12,4,2,2,422,Recent Customers
13956,5,5,1019.27,4,3,3,433,Champions
12560,5,4,1885.39,4,3,3,433,Champions
14895,7,48,24488.82,4,4,4,444,Champions
14560,7,46,6050.44,4,4,4,444,Champions
17221,7,5,976.62,4,3,3,433,Champions
13705,7,7,1717.19,4,3,3,433,Champions
17183,7,8,3286.91,4,3,4,434,Champions
16440,7,6,3856.97,4,3,4,434,Champions
15547,7,28,9989.15,4,4,4,444,Champions
16759,7,4,772.84,4,3,2,432,Loyal Customers
12695,7,7,1371.12,4,3,3,433,Champions
17686,7,9,8296.81,4,4,4,444,Champions
16474,7,11,1750.46,4,4,3,443,Champions
12587,7,1,104.00,4,1,1,411,Recent Customers
12704,7,10,1740.84,4,4,3,443,Champions
12684,7,7,2073.63,4,3,3,433,Champions
13969,7,39,12820.36,4,4,4,444,Champions
14250,7,3,1904.05,4,2,3,423,Recent Customers
16899,7,8,1695.77,4,3,3,433,Champions
14788,7,3,1156.32,4,2,3,423,Recent Customers
12856,7,8,2153.53,4,3,4,434,Champions
14126,7,5,1109.96,4,3,3,433,Champions
14023,7,2,584.07,4,2,2,422,Recent Customers
17567,7,11,4519.16,4,4,4,444,Champions
16989,7,6,1133.25,4,3,3,433,Champions
13183,7,18,7010.88,4,4,4,444,Champions
18282,7,3,176.60,4,2,1,421,Recent Customers
14594,7,2,363.33,4,1,2,412,Recent Customers
17495,7,4,759.07,4,3,2,432,Loyal Customers
14865,7,4,92.52,4,3,1,431,Low Engagement
12364,7,4,1208.10,4,3,3,433,Champions
14688,7,34,6666.93,4,4,4,444,Champions
18144,7,19,4892.95,4,4,4,444,Champions
18174,7,2,162.50,4,2,1,421,Recent Customers
14092,7,27,7215.64,4,4,4,444,Champions
12762,7,2,1702.52,4,2,3,423,Recent Customers
17157,7,20,5139.45,4,4,4,444,Champions
13017,7,1,204.00,4,1,1,411,Recent Customers
16359,7,20,2379.40,4,4,4,444,Champions
15570,7,27,8672.44,4,4,4,444,Champions
12668,7,12,9842.06,4,4,4,444,Champions
13297,7,8,4352.67,4,4,4,444,Champions
17584,7,7,5294.42,4,3,4,434,Champions
12465,7,3,673.89,4,2,2,422,Recent Customers
12359,7,14,8652.34,4,4,4,444,Champions
16038,7,4,454.33,4,3,2,432,Loyal Customers
13884,7,14,1788.93,4,4,3,443,Champions
12962,7,2,266.39,4,2,1,421,Recent Customers
14292,7,27,8887.90,4,4,4,444,Champions
18097,7,14,4616.77,4,4,4,444,Champions
13309,7,6,1706.37,4,3,3,433,Champions
13560,7,1,171.42,4,1,1,411,Recent Customers
14897,7,9,3100.74,4,4,4,444,Champions
14493,7,14,4993.76,4,4,4,444,Champions
15123,7,5,4656.17,4,3,4,434,Champions
15539,7,1,538.46,4,1,2,412,Recent Customers
18245,7,23,6236.23,4,4,4,444,Champions
13868,7,2,3192.54,4,2,4,424,Recent Customers
12536,7,5,4151.26,4,3,4,434,Champions
15078,7,64,17091.37,4,4,4,444,Champions
12970,7,10,1452.54,4,4,3,443,Champions
17086,7,6,2050.08,4,3,3,433,Champions
13780,7,3,732.07,4,2,2,422,Recent Customers
13495,7,13,4790.41,4,4,4,444,Champions
13953,7,12,6640.68,4,4,4,444,Champions
16333,7,22,26626.80,4,4,4,444,Champions
13458,7,24,11850.62,4,4,4,444,Champions
16103,7,27,6002.76,4,4,4,444,Champions
13352,7,2,339.28,4,2,2,422,Recent Customers
18055,7,15,10110.59,4,4,4,444,Champions
14031,7,55,36112.53,4,4,4,444,Champions
17942,7,1,77.50,4,1,1,411,Recent Customers
17386,7,7,2812.77,4,3,4,434,Champions
15271,7,26,4458.29,4,4,4,444,Champions
12700,7,6,4525.99,4,3,4,434,Champions
15769,7,51,84183.52,4,4,4,444,Champions
14428,7,7,1209.37,4,3,3,433,Champions
14388,8,20,6289.95,4,4,4,444,Champions
12963,8,14,3162.59,4,4,4,444,Champions
14732,8,24,5447.52,4,4,4,444,Champions
17636,8,2,265.93,4,2,1,421,Recent Customers
15904,8,1,164.68,4,1,1,411,Recent Customers
17063,8,23,3576.88,4,4,4,444,Champions
15745,8,6,1071.24,4,3,3,433,Champions
16376,8,3,965.47,4,2,3,423,Recent Customers
16145,8,29,6693.60,4,4,4,444,Champions
16011,8,30,5585.86,4,4,4,444,Champions
14243,8,23,7152.06,4,4,4,444,Champions
13115,8,23,5379.45,4,4,4,444,Champions
17828,8,9,1074.97,4,4,3,443,Champions
13090,8,30,12744.93,4,4,4,444,Champions
16938,8,10,6162.11,4,4,4,444,Champions
16700,8,31,8747.12,4,4,4,444,Champions
16240,8,5,3693.81,4,3,4,434,Champions
14262,8,8,2618.23,4,4,4,444,Champions
16496,8,7,2293.47,4,3,4,434,Champions
17937,8,7,4301.22,4,3,4,434,Champions
16570,8,31,6844.81,4,4,4,444,Champions
14525,8,21,7952.76,4,4,4,444,Champions
13365,8,4,2164.32,4,3,4,434,Champions
12951,8,20,3164.42,4,4,4,444,Champions
17071,8,20,3730.96,4,4,4,444,Champions
15172,8,5,1624.05,4,3,3,433,Champions
15144,8,33,12006.51,4,4,4,444,Champions
15948,8,3,1509.09,4,2,3,423,Recent Customers
16701,8,34,9614.59,4,4,4,444,Champions
16293,8,19,4253.45,4,4,4,444,Champions
15993,8,10,2728.22,4,4,4,444,Champions
13853,8,2,1056.94,4,2,3,423,Recent Customers
15434,8,13,2517.11,4,4,4,444,Champions
17540,8,7,1582.10,4,3,3,433,Champions
14367,8,19,9134.12,4,4,4,444,Champions
14389,8,11,1821.07,4,4,3,443,Champions
14047,8,19,3881.11,4,4,4,444,Champions
16119,8,8,1720.81,4,3,3,433,Champions
14178,8,7,1580.26,4,3,3,433,Champions
15531,8,2,1972.39,4,2,3,423,Recent Customers
12901,8,36,16316.14,4,4,4,444,Champions
16242,8,18,7370.50,4,4,4,444,Champions
14860,8,2,168.62,4,2,1,421,Recent Customers
13971,8,18,4593.83,4,4,4,444,Champions
18077,8,18,4078.79,4,4,4,444,Champions
15028,8,6,962.94,4,3,3,433,Champions
15373,8,18,2881.74,4,4,4,444,Champions
12553,8,17,4044.82,4,4,4,444,Champions
14950,8,2,361.25,4,2,2,422,Recent Customers
15380,8,13,3192.10,4,4,4,444,Champions
15021,8,17,2422.35,4,4,4,444,Champions
17381,8,39,36395.47,4,4,4,444,Champions
15563,8,11,2764.67,4,4,4,444,Champions
18130,8,4,1045.74,4,3,3,433,Champions
17566,8,2,869.77,4,2,3,423,Recent Customers
14299,8,41,12620.28,4,4,4,444,Champions
16813,8,10,1652.18,4,4,3,443,Champions
15687,8,11,2981.50,4,4,4,444,Champions
17293,8,17,3750.63,4,4,4,444,Champions
12562,8,9,4426.92,4,4,4,444,Champions
12919,8,8,1301.44,4,3,3,433,Champions
17768,8,8,3287.78,4,3,4,434,Champions
17044,8,16,11867.60,4,4,4,444,Champions
14960,8,2,221.27,4,2,1,421,Recent Customers
15101,8,11,1303.49,4,4,3,443,Champions
16966,8,10,2148.97,4,4,4,444,Champions
13171,8,5,426.81,4,3,2,432,Loyal Customers
13854,8,45,11848.81,4,4,4,444,Champions
17576,8,45,8534.45,4,4,4,444,Champions
15197,8,10,1437.84,4,4,3,443,Champions
16169,8,4,1822.97,4,3,3,433,Champions
14659,8,12,2456.53,4,4,4,444,Champions
16839,8,51,20420.53,4,4,4,444,Champions
16789,8,1,80.80,4,1,1,411,Recent Customers
13159,8,5,1371.25,4,3,3,433,Champions
14146,8,13,8208.87,4,4,4,444,Champions
14440,8,15,5870.13,4,4,4,444,Champions
14289,8,6,911.26,4,3,3,433,Champions
14626,8,15,5374.77,4,4,4,444,Champions
14188,8,10,2018.91,4,4,3,443,Champions
17321,8,6,1665.21,4,3,3,433,Champions
17450,8,61,233643.91,4,4,4,444,Champions
13410,8,12,2172.51,4,4,4,444,Champions
15500,8,4,1131.56,4,3,3,433,Champions
13509,8,8,1099.72,4,4,3,443,Champions
17350,8,8,1863.82,4,4,3,443,Champions
14804,8,1,353.27,4,1,2,412,Recent Customers
13310,8,8,1492.80,4,3,3,433,Champions
17014,8,4,562.68,4,3,2,432,Loyal Customers
15060,8,4,293.00,4,3,1,431,Low Engagement
14309,8,12,3747.96,4,4,4,444,Champions
14766,8,14,6301.88,4,4,4,444,Champions
17115,8,13,2616.29,4,4,4,444,Champions
15862,8,13,2507.14,4,4,4,444,Champions
18122,8,6,1791.84,4,3,3,433,Champions
13644,8,5,2597.52,4,3,4,434,Champions
12664,8,12,5420.04,4,4,4,444,Champions
12572,8,3,896.72,4,2,3,423,Recent Customers
13040,8,2,676.99,4,2,2,422,Recent Customers
16156,8,26,5931.01,4,4,4,444,Champions
14853,8,7,1351.37,4,3,3,433,Champions
15544,8,26,7779.58,4,4,4,444,Champions
15602,8,25,2902.16,4,4,4,444,Champions
14287,8,4,156.23,4,3,1,431,Low Engagement
14329,8,28,9695.92,4,4,4,444,Champions
14448,9,2,375.35,4,2,2,422,Recent Customers
16657,9,4,874.43,4,3,3,433,Champions
15024,9,16,3559.39,4,4,4,444,Champions
16241,9,16,3989.81,4,4,4,444,Champions
17340,9,30,19159.01,4,4,4,444,Champions
15782,9,6,3985.65,4,3,4,434,Champions
16915,9,11,1543.18,4,4,3,443,Champions
16717,9,20,5987.41,4,4,4,444,Champions
18241,9,23,2954.09,4,4,4,444,Champions
14618,9,9,1310.52,4,4,3,443,Champions
17727,9,2,1042.55,4,2,3,423,Recent Customers
13212,9,4,779.33,4,3,2,432,Loyal Customers
14963,9,13,3117.72,4,4,4,444,Champions
15654,9,2,922.53,4,2,3,423,Recent Customers
16062,9,8,2863.45,4,4,4,444,Champions
12966,9,1,160.18,4,1,1,411,Recent Customers
12494,9,17,1451.92,4,4,3,443,Champions
13647,9,9,3033.78,4,4,4,444,Champions
15394,9,13,5251.40,4,4,4,444,Champions
12524,9,18,9759.36,4,4,4,444,Champions
17096,9,17,3629.58,4,4,4,444,Champions
17502,9,4,689.10,4,3,2,432,Loyal Customers
12488,9,3,1244.66,4,2,3,423,Recent Customers
18158,9,3,451.75,4,2,2,422,Recent Customers
15467,9,4,511.88,4,3,2,432,Loyal Customers
12882,9,2,1463.04,4,2,3,423,Recent Customers
15712,9,13,3467.46,4,4,4,444,Champions
12714,9,12,12815.71,4,4,4,444,Champions
14156,9,202,297775.01,4,4,4,444,Champions
14432,9,6,2248.50,4,3,4,434,Champions
14713,9,25,5068.96,4,4,4,444,Champions
18059,9,4,296.71,4,3,1,431,Low Engagement
17736,9,4,337.49,4,3,2,432,Loyal Customers
13012,9,15,2581.28,4,4,4,444,Champions
13658,9,13,5772.07,4,4,4,444,Champions
14540,9,12,3699.74,4,4,4,444,Champions
17911,9,1,366.23,4,1,2,412,Recent Customers
16712,9,13,4225.22,4,4,4,444,Champions
16956,9,2,292.34,4,2,1,421,Recent Customers
14893,9,6,1785.01,4,3,3,433,Champions
13784,9,15,2897.18,4,4,4,444,Champions
15903,9,15,8859.82,4,4,4,444,Champions
12429,9,9,5792.01,4,4,4,444,Champions
15073,9,9,2357.04,4,4,4,444,Champions
13203,9,11,2630.55,4,4,4,444,Champions
16115,9,12,2553.80,4,4,4,444,Champions
15611,9,32,2837.37,4,4,4,444,Champions
15152,9,18,5202.38,4,4,4,444,Champions
18179,9,8,2547.55,4,4,4,444,Champions
14005,9,5,2874.72,4,3,4,434,Champions
14755,9,30,9851.45,4,4,4,444,Champions
15039,9,107,38853.04,4,4,4,444,Champions
15046,9,28,7375.83,4,4,4,444,Champions
18230,9,12,4197.46,4,4,4,444,Champions
14385,9,3,202.11,4,2,1,421,Recent Customers
12953,9,2,828.81,4,2,3,423,Recent Customers
13050,9,57,11525.54,4,4,4,444,Champions
15251,9,31,20118.92,4,4,4,444,Champions
12630,9,2,1030.88,4,2,3,423,Recent Customers
15444,9,2,1411.21,4,2,3,423,Recent Customers
14258,9,32,31027.35,4,4,4,444,Champions
15793,9,9,2382.92,4,4,4,444,Champions
16295,9,4,1328.55,4,3,3,433,Champions
14644,9,12,2077.47,4,4,3,443,Champions
16361,9,4,891.21,4,3,3,433,Champions
15414,9,3,774.90,4,2,2,422,Recent Customers
12787,9,5,799.18,4,3,2,432,Loyal Customers
15113,9,4,3339.12,4,3,4,434,Champions
18058,9,3,774.06,4,2,2,422,Recent Customers
17288,9,11,2468.43,4,4,4,444,Champions
15676,9,5,3324.09,4,3,4,434,Champions
14062,9,27,25416.28,4,4,4,444,Champions
15680,9,12,3985.59,4,4,4,444,Champions
12784,9,3,1511.15,4,2,3,423,Recent Customers
12528,9,8,1634.28,4,3,3,433,Champions
12598,9,15,4072.67,4,4,4,444,Champions
14875,9,7,2850.50,4,3,4,434,Champions
16265,9,15,6643.62,4,4,4,444,Champions
17737,9,2,168.24,4,1,1,411,Recent Customers
14936,9,14,12378.46,4,4,4,444,Champions
14733,9,18,14200.78,4,4,4,444,Champions
16101,9,7,3167.42,4,3,4,434,Champions
16782,10,50,9552.62,4,4,4,444,Champions
14667,10,61,20153.04,4,4,4,444,Champions
16168,10,73,10279.02,4,4,4,444,Champions
13147,10,4,712.80,4,3,2,432,Loyal Customers
12798,10,4,8510.93,4,3,4,434,Champions
14205,10,12,2156.30,4,4,4,444,Champions
14235,10,10,4666.99,4,4,4,444,Champions
14390,10,18,6079.48,4,4,4,444,Champions
13429,10,4,1006.80,4,3,3,433,Champions
17468,10,3,194.80,4,2,1,421,Recent Customers
13068,10,2,344.00,4,2,2,422,Recent Customers
13576,10,32,11167.00,4,4,4,444,Champions
14701,10,18,4423.96,4,4,4,444,Champions
14601,10,1,213.96,4,1,1,411,Recent Customers
13496,10,3,617.93,4,2,2,422,Recent Customers
17101,10,7,2507.05,4,3,4,434,Champions
14550,10,4,1345.06,4,3,3,433,Champions
16549,10,37,12759.25,4,4,4,444,Champions
13428,10,3,478.54,4,2,2,422,Recent Customers
17655,10,10,2909.18,4,4,4,444,Champions
15783,10,1,246.30,4,1,1,411,Recent Customers
14824,10,12,3952.51,4,4,4,444,Champions
17658,10,3,485.88,4,2,2,422,Recent Customers
17711,10,2,385.10,4,2,2,422,Recent Customers
17466,10,2,763.28,4,1,2,412,Recent Customers
14088,10,20,63731.63,4,4,4,444,Champions
17772,10,3,360.75,4,2,2,422,Recent Customers
12627,10,7,4082.53,4,3,4,434,Champions
13349,10,1,197.32,4,1,1,411,Recent Customers
14321,10,8,2198.58,4,4,4,444,Champions
14836,10,3,102.45,4,2,1,421,Recent Customers
14866,10,20,20507.59,4,4,4,444,Champions
18118,10,35,6155.47,4,4,4,444,Champions
15790,10,1,218.75,4,1,1,411,Recent Customers
13137,10,17,7586.94,4,4,4,444,Champions
14209,10,19,4937.37,4,4,4,444,Champions
12654,10,5,529.98,4,3,2,432,Loyal Customers
16479,10,2,300.83,4,2,1,421,Recent Customers
16775,10,17,2739.24,4,4,4,444,Champions
14125,10,3,2720.63,4,2,4,424,Recent Customers
12464,10,8,957.05,4,4,3,443,Champions
14554,10,4,2279.49,4,3,4,434,Champions
15239,10,3,764.34,4,2,2,422,Recent Customers
14408,10,11,4102.27,4,4,4,444,Champions
15206,10,4,420.30,4,3,2,432,Loyal Customers
14180,10,42,5909.00,4,4,4,444,Champions
15297,10,4,635.04,4,3,2,432,Loyal Customers
13467,10,2,1071.91,4,2,3,423,Recent Customers
14723,10,11,1801.36,4,4,3,443,Champions
12451,10,10,12506.53,4,4,4,444,Champions
15148,10,1,301.29,4,1,1,411,Recent Customers
16818,10,13,3317.97,4,4,4,444,Champions
17682,10,12,4050.28,4,4,4,444,Champions
14173,10,7,566.95,4,3,2,432,Loyal Customers
17306,10,23,9751.77,4,4,4,444,Champions
13928,10,4,464.57,4,3,2,432,Loyal Customers
18161,10,7,1797.20,4,3,3,433,Champions
15089,10,6,2420.84,4,3,4,434,Champions
14419,10,7,1254.64,4,3,3,433,Champions
14785,10,2,77.40,4,2,1,421,Recent Customers
12670,10,8,3426.39,4,3,4,434,Champions
13211,10,12,2596.32,4,4,4,444,Champions
14961,10,28,16328.90,4,4,4,444,Champions
15615,10,54,21282.07,4,4,4,444,Champions
14711,10,12,2809.02,4,4,4,444,Champions
14452,10,4,658.95,4,3,2,432,Loyal Customers
16852,10,2,144.91,4,2,1,421,Recent Customers
14349,10,1,133.50,4,1,1,411,Recent Customers
16992,10,15,5460.10,4,4,4,444,Champions
13999,10,36,9438.01,4,4,4,444,Champions
13198,10,12,4912.28,4,4,4,444,Champions
12727,10,12,4890.53,4,4,4,444,Champions
15218,10,25,11393.26,4,4,4,444,Champions
15619,10,1,336.40,4,1,2,412,Recent Customers
13657,10,2,382.14,4,2,2,422,Recent Customers
13844,11,1,361.62,4,1,2,412,Recent Customers
13950,11,5,728.56,4,3,2,432,Loyal Customers
17929,11,13,3073.60,4,4,4,444,Champions
13389,11,3,797.96,4,2,2,422,Recent Customers
12674,11,7,1796.26,4,3,3,433,Champions
15561,11,9,1856.54,4,4,3,443,Champions
12906,11,5,2919.81,4,3,4,434,Champions
18041,11,40,7936.04,4,4,4,444,Champions
13590,11,21,6284.74,4,4,4,444,Champions
16347,11,13,3415.56,4,4,4,444,Champions
17359,11,2,284.46,4,2,1,421,Recent Customers
16094,11,19,3599.16,4,4,4,444,Champions
13196,11,8,3059.64,4,4,4,444,Champions
17806,11,1,546.04,4,1,2,412,Recent Customers
17031,11,6,2773.85,4,3,4,434,Champions
13188,11,1,114.60,4,1,1,411,Recent Customers
16744,11,7,1291.91,4,3,3,433,Champions
17523,11,4,652.74,4,3,2,432,Loyal Customers
12427,11,5,582.37,4,3,2,432,Loyal Customers
17019,11,13,3526.29,4,4,4,444,Champions
13418,11,37,11242.22,4,4,4,444,Champions
13758,11,19,8544.29,4,4,4,444,Champions
13238,11,7,986.73,4,3,3,433,Champions
14597,11,6,2184.63,4,3,4,434,Champions
18229,11,28,10150.51,4,4,4,444,Champions
14470,11,3,712.04,4,2,2,422,Recent Customers
15022,11,5,1133.44,4,3,3,433,Champions
17651,11,22,5635.05,4,4,4,444,Champions
14480,11,5,1295.27,4,3,3,433,Champions
17379,11,1,389.72,4,1,2,412,Recent Customers
15721,11,1,471.40,4,1,2,412,Recent Customers
16364,11,2,705.79,4,2,2,422,Recent Customers
12660,11,1,227.10,4,1,1,411,Recent Customers
14511,11,6,1267.41,4,3,3,433,Champions
17299,11,6,993.23,4,3,3,433,Champions
15540,11,2,460.68,4,2,2,422,Recent Customers
15601,11,35,14150.84,4,4,4,444,Champions
16900,11,5,869.20,4,3,3,433,Champions
13030,11,2,752.44,4,2,2,422,Recent Customers
16800,11,1,1162.65,4,1,3,413,Recent Customers
17188,11,17,4361.83,4,4,4,444,Champions
15511,11,5,900.53,4,3,3,433,Champions
18101,11,5,622.01,4,3,2,432,Loyal Customers
14704,11,11,1720.58,4,4,3,443,Champions
14290,11,14,4221.43,4,4,4,444,Champions
18096,11,6,1638.16,4,3,3,433,Champions
15571,11,14,3892.35,4,4,4,444,Champions
14901,11,13,1912.70,4,4,3,443,Champions
14741,11,7,1713.09,4,3,3,433,Champions
15838,11,38,72738.93,4,4,4,444,Champions
17739,11,20,7718.14,4,4,4,444,Champions
14215,11,10,3238.53,4,4,4,444,Champions
13266,11,30,5965.30,4,4,4,444,Champions
13004,11,46,11143.99,4,4,4,444,Champions
12657,11,5,1008.06,4,3,3,433,Champions
17852,11,5,657.81,4,3,2,432,Loyal Customers
13258,11,5,1009.43,4,3,3,433,Champions
17419,11,20,6100.65,4,4,4,444,Champions
17237,11,4,994.13,4,3,3,433,Champions
17988,11,15,475.74,4,4,2,442,Loyal Customers
15714,11,5,783.96,4,3,2,432,Loyal Customers
16877,12,6,846.62,4,3,3,433,Champions
16407,12,14,2761.65,4,4,4,444,Champions
17411,12,9,1316.53,4,4,3,443,Champions
17812,12,7,911.99,4,3,3,433,Champions
17595,12,2,386.69,4,2,2,422,Recent Customers
16024,12,3,478.71,4,2,2,422,Recent Customers
14954,12,2,462.12,4,2,2,422,Recent Customers
15747,12,10,2497.86,4,4,4,444,Champions
13571,12,26,4537.26,4,4,4,444,Champions
18145,12,12,5592.04,4,4,4,444,Champions
13064,12,6,1666.84,4,3,3,433,Champions
15009,12,3,1259.43,4,2,3,423,Recent Customers
17769,12,21,6944.96,4,4,4,444,Champions
15555,12,46,10866.36,4,4,4,444,Champions
17365,12,16,8160.30,4,4,4,444,Champions
17231,12,35,6958.83,4,4,4,444,Champions
13782,12,14,1778.13,4,4,3,443,Champions
17236,12,12,1929.26,4,4,3,443,Champions
15861,12,15,4177.10,4,4,4,444,Champions
17068,12,49,8945.53,4,4,4,444,Champions
16005,12,11,2332.62,4,4,4,444,Champions
17885,12,1,156.34,4,1,1,411,Recent Customers
13991,12,7,846.54,4,3,3,433,Champions
16942,12,10,1878.51,4,4,3,443,Champions
15054,12,2,302.10,4,2,1,421,Recent Customers
15351,12,15,3320.50,4,4,4,444,Champions
15436,12,3,1067.75,4,2,3,423,Recent Customers
18001,12,6,924.14,4,3,3,433,Champions
14859,12,6,1703.94,4,3,3,433,Champions
16983,12,12,3479.48,4,4,4,444,Champions
13546,12,5,1086.24,4,3,3,433,Champions
18112,12,4,773.36,4,2,2,422,Recent Customers
14577,12,7,1364.15,4,3,3,433,Champions
16923,12,41,12572.15,4,4,4,444,Champions
15514,12,20,5272.01,4,4,4,444,Champions
14093,12,1,433.86,4,1,2,412,Recent Customers
13232,12,7,1327.75,4,3,3,433,Champions
14878,12,28,3807.10,4,4,4,444,Champions
18156,12,2,675.64,4,2,2,422,Recent Customers
15987,12,8,1535.99,4,4,3,443,Champions
17864,12,5,876.57,4,3,3,433,Champions
13610,12,17,2070.71,4,4,3,443,Champions
13256,14,1,0.00,4,1,1,411,Recent Customers
17557,14,4,575.46,4,3,2,432,Loyal Customers
13437,14,7,3408.06,4,3,4,434,Champions
17813,14,7,1641.79,4,3,3,433,Champions
13149,14,4,1676.06,4,3,3,433,Champions
17624,14,4,1568.63,4,3,3,433,Champions
15382,14,20,13646.50,4,4,4,444,Champions
15134,14,10,1596.29,4,4,3,443,Champions
17385,14,1,256.11,4,1,1,411,Recent Customers
14710,14,13,1899.79,4,4,3,443,Champions
13589,14,6,1120.74,4,3,3,433,Champions
16719,14,17,3363.87,4,4,4,444,Champions
12681,14,56,26679.24,4,4,4,444,Champions
13332,14,1,350.90,4,1,2,412,Recent Customers
18172,14,63,17289.23,4,4,4,444,Champions
14111,14,5,688.60,4,3,2,432,Loyal Customers
16814,14,37,11906.45,4,4,4,444,Champions
12620,14,3,1303.41,4,2,3,423,Recent Customers
13048,14,13,4000.08,4,4,4,444,Champions
13579,14,6,1371.14,4,3,3,433,Champions
17329,14,5,998.53,4,3,3,433,Champions
15186,14,5,1403.20,4,3,3,433,Champions
14946,14,1,100.90,4,1,1,411,Recent Customers
16856,14,3,358.49,4,2,2,422,Recent Customers
13184,14,12,1615.45,4,4,3,443,Champions
12438,14,2,2466.85,4,2,4,424,Recent Customers
15117,14,9,2484.32,4,4,4,444,Champions
17562,14,8,1107.38,4,4,3,443,Champions
13978,14,2,196.79,4,2,1,421,Recent Customers
13525,14,2,628.78,4,2,2,422,Recent Customers
14703,14,1,318.17,4,1,1,411,Recent Customers
15737,14,12,1121.21,4,4,3,443,Champions
12531,14,3,1737.05,4,2,3,423,Recent Customers
16327,14,20,10103.22,4,4,4,444,Champions
15872,14,4,729.25,4,3,2,432,Loyal Customers
17302,14,6,1119.93,4,3,3,433,Champions
15473,14,11,1740.00,4,4,3,443,Champions
14966,14,6,1064.26,4,3,3,433,Champions
17348,14,9,2430.99,4,4,4,444,Champions
12388,15,8,3901.11,4,4,4,444,Champions
12757,15,19,4161.75,4,4,4,444,Champions
14756,15,4,2563.46,4,3,4,434,Champions
15725,15,1,415.25,4,1,2,412,Recent Customers
17671,15,7,1720.53,4,3,3,433,Champions
12395,15,18,4220.82,4,4,4,444,Champions
17133,15,13,12972.09,4,4,4,444,Champions
13995,15,18,3836.26,4,4,4,444,Champions
14607,15,27,17226.23,4,4,4,444,Champions
16566,15,6,614.01,4,3,2,432,Loyal Customers
16668,15,13,862.42,4,4,3,443,Champions
15502,15,27,8076.45,4,4,4,444,Champions
16824,15,3,686.24,4,2,2,422,Recent Customers
14539,15,2,537.48,4,2,2,422,Recent Customers
13719,15,11,2782.10,4,4,4,444,Champions
15953,15,21,3295.49,4,4,4,444,Champions
14410,15,17,2119.08,4,4,3,443,Champions
15482,15,24,9891.12,4,4,4,444,Champions
17247,15,1,280.09,4,1,1,411,Recent Customers
15034,15,17,8200.25,4,4,4,444,Champions
18184,15,1,49.80,4,1,1,411,Recent Customers
12705,15,22,10906.00,4,4,4,444,Champions
14640,15,16,3446.33,4,4,4,444,Champions
17228,15,13,2820.03,4,4,4,444,Champions
15594,15,6,1767.53,4,3,3,433,Champions
15428,15,4,762.75,4,3,2,432,Loyal Customers
17458,15,2,529.58,4,2,2,422,Recent Customers
17345,15,12,1466.33,4,4,3,443,Champions
15270,15,31,7241.19,4,4,4,444,Champions
14987,15,9,1469.05,4,4,3,443,Champions
15858,15,15,3509.91,4,4,4,444,Champions
18188,15,8,3263.19,4,3,4,434,Champions
14709,15,27,8866.48,4,4,4,444,Champions
17975,15,26,6591.88,4,4,4,444,Champions
17516,15,6,947.50,4,3,3,433,Champions
16173,15,7,1406.57,4,3,3,433,Champions
15005,15,76,13410.90,4,4,4,444,Champions
14591,15,4,1320.21,4,3,3,433,Champions
13277,15,7,523.30,4,3,2,432,Loyal Customers
17323,15,14,1535.56,4,4,3,443,Champions
17767,15,2,413.05,4,2,2,422,Recent Customers
12937,15,9,3097.61,4,4,4,444,Champions
14805,15,7,1082.55,4,3,3,433,Champions
15632,15,10,3147.31,4,4,4,444,Champions
16189,15,2,215.48,4,2,1,421,Recent Customers
16482,15,1,220.62,4,1,1,411,Recent Customers
14277,15,14,3959.82,4,4,4,444,Champions
16616,15,2,500.42,4,2,2,422,Recent Customers
16596,15,4,458.98,4,3,2,432,Loyal Customers
13638,15,1,122.64,4,1,1,411,Recent Customers
13588,15,13,2449.53,4,4,4,444,Champions
16885,15,4,683.35,4,3,2,432,Loyal Customers
13207,15,4,535.86,4,3,2,432,Loyal Customers
12421,15,8,869.60,4,4,3,443,Champions
17139,15,29,19473.91,4,4,4,444,Champions
16609,15,9,5450.96,4,4,4,444,Champions
16157,15,4,644.24,4,3,2,432,Loyal Customers
17422,16,20,3341.65,4,4,4,444,Champions
17700,16,17,6640.72,4,4,4,444,Champions
17010,16,2,185.46,4,2,1,421,Recent Customers
14675,16,2,1015.58,4,2,3,423,Recent Customers
16255,16,19,4457.59,4,4,4,444,Champions
13139,16,9,8193.83,4,4,4,444,Champions
14020,16,5,1213.26,4,3,3,433,Champions
13350,16,3,810.72,4,2,2,422,Recent Customers
12452,16,3,348.57,4,2,2,422,Recent Customers
13742,16,14,3079.27,4,4,4,444,Champions
14334,16,14,4292.98,4,4,4,444,Champions
15949,16,2,364.72,4,2,2,422,Recent Customers
16020,16,3,851.01,4,2,3,423,Recent Customers
14912,16,11,1829.78,4,4,3,443,Champions
14790,16,10,2526.62,4,4,4,444,Champions
12948,16,10,2306.18,4,4,4,444,Champions
16653,16,3,1166.92,4,2,3,423,Recent Customers
13018,16,37,9742.81,4,4,4,444,Champions
13899,16,2,388.52,4,2,2,422,Recent Customers
17685,16,14,5439.95,4,4,4,444,Champions
14336,16,4,1614.91,4,3,3,433,Champions
17135,16,11,1705.46,4,4,3,443,Champions
12557,16,8,18096.14,4,3,4,434,Champions
17725,16,14,3371.13,4,4,4,444,Champions
17809,16,24,10014.58,4,4,4,444,Champions
13650,16,16,3098.50,4,4,4,444,Champions
15916,16,17,3014.04,4,4,4,444,Champions
16343,16,3,614.12,4,2,2,422,Recent Customers
15393,16,5,891.34,4,3,3,433,Champions
12619,16,14,3048.95,4,4,4,444,Champions
16079,16,3,1352.00,4,2,3,423,Recent Customers
13448,16,19,8312.52,4,4,4,444,Champions
16660,16,8,1422.35,4,4,3,443,Champions
15253,16,12,2033.29,4,4,3,443,Champions
13502,16,6,774.60,4,3,2,432,Loyal Customers
15398,16,3,1339.63,4,2,3,423,Recent Customers
15743,16,4,775.96,4,2,2,422,Recent Customers
13831,16,20,6571.14,4,4,4,444,Champions
15901,16,9,667.89,4,4,2,442,Loyal Customers
15727,16,15,9371.71,4,4,4,444,Champions
17469,16,22,4958.34,4,4,4,444,Champions
13174,16,12,7972.46,4,4,4,444,Champions
14744,16,17,3648.63,4,4,4,444,Champions
16670,16,33,7786.66,4,4,4,444,Champions
18084,16,5,176.03,4,3,1,431,Low Engagement
17034,16,7,1231.82,4,3,3,433,Champions
14049,16,18,12848.40,4,4,4,444,Champions
16066,16,5,1521.04,4,3,3,433,Champions
17410,16,5,1214.72,4,3,3,433,Champions
16185,16,3,644.72,4,2,2,422,Recent Customers
14099,16,22,5685.71,4,4,4,444,Champions
14581,16,2,409.65,4,2,2,422,Recent Customers
14335,16,2,454.86,4,2,2,422,Recent Customers
17463,16,9,2515.26,4,4,4,444,Champions
16107,17,7,3204.16,4,3,4,434,Champions
14657,17,7,1440.24,4,3,3,433,Champions
17759,17,5,1260.63,4,3,3,433,Champions
17075,17,11,2216.28,4,4,4,444,Champions
12775,17,8,1516.32,4,4,3,443,Champions
13403,17,3,229.50,4,2,1,421,Recent Customers
15497,17,11,8643.46,4,4,4,444,Champions
15116,17,4,1352.75,4,3,3,433,Champions
16422,17,146,59939.52,4,4,4,444,Champions
17073,17,4,1444.84,4,3,3,433,Champions
17313,17,2,2288.13,4,2,4,424,Recent Customers
14834,17,9,2184.21,4,4,4,444,Champions
14768,17,3,139.50,4,2,1,421,Recent Customers
15634,17,2,554.65,4,1,2,412,Recent Customers
15106,17,7,1407.73,4,3,3,433,Champions
15965,17,14,2758.19,4,4,4,444,Champions
12936,17,5,1012.90,4,3,3,433,Champions
17600,17,1,161.67,4,1,1,411,Recent Customers
14467,17,12,2203.24,4,4,4,444,Champions
16985,17,26,10545.76,4,4,4,444,Champions
16748,17,15,3632.29,4,4,4,444,Champions
17453,17,2,486.72,4,2,2,422,Recent Customers
12586,17,5,2045.67,4,3,3,433,Champions
16607,17,29,5375.18,4,4,4,444,Champions
13268,17,15,3105.66,4,4,4,444,Champions
15845,17,14,4273.65,4,4,4,444,Champions
17324,17,13,2018.07,4,4,3,443,Champions
14424,17,1,322.08,4,1,2,412,Recent Customers
15150,17,14,8967.44,4,4,4,444,Champions
14515,17,15,3693.70,4,4,4,444,Champions
18139,17,8,8438.34,4,4,4,444,Champions
13986,17,1,320.46,4,1,2,412,Recent Customers
12474,17,54,10886.75,4,4,4,444,Champions
13247,17,4,501.12,4,3,2,432,Loyal Customers
16261,17,6,1041.16,4,3,3,433,Champions
16330,17,8,615.68,4,3,2,432,Loyal Customers
12656,17,12,5636.78,4,4,4,444,Champions
15699,17,1,309.65,4,1,1,411,Recent Customers
16633,17,7,2878.15,4,3,4,434,Champions
13488,17,29,14131.81,4,4,4,444,Champions
12483,17,27,4007.93,4,4,4,444,Champions
16164,17,4,802.53,4,3,2,432,Loyal Customers
13681,17,4,827.83,4,3,3,433,Champions
17155,17,7,892.46,4,3,3,433,Champions
13456,17,7,1737.82,4,3,3,433,Champions
14506,17,7,2960.25,4,3,4,434,Champions
18249,17,1,95.34,4,1,1,411,Recent Customers
14505,17,27,11590.04,4,4,4,444,Champions
16128,17,14,3748.40,4,4,4,444,Champions
16655,17,14,6423.26,4,4,4,444,Champions
16365,17,16,3156.94,4,4,4,444,Champions
13322,17,1,199.48,4,1,1,411,Recent Customers
13940,17,4,839.14,4,3,3,433,Champions
12920,17,4,486.64,4,3,2,432,Loyal Customers
13363,17,3,1623.86,4,2,3,423,Recent Customers
14297,17,6,1290.48,4,3,3,433,Champions
13832,17,3,598.64,4,2,2,422,Recent Customers
18274,17,2,0.00,4,2,1,421,Recent Customers
16722,17,26,8168.31,4,4,4,444,Champions
16311,17,2,616.26,4,2,2,422,Recent Customers
13499,17,7,1146.96,4,3,3,433,Champions
17500,17,3,1138.00,4,2,3,423,Recent Customers
17360,17,7,1170.56,4,3,3,433,Champions
16532,17,5,8756.64,4,3,4,434,Champions
15811,17,10,3345.25,4,4,4,444,Champions
17371,17,6,651.37,4,3,2,432,Loyal Customers
17519,17,17,4769.22,4,4,4,444,Champions
17338,17,20,11777.49,4,4,4,444,Champions
16352,17,2,494.44,4,2,2,422,Recent Customers
15977,17,2,1054.73,4,2,3,423,Recent Customers
15971,17,20,4925.48,4,4,4,444,Champions
13569,17,4,725.04,4,3,2,432,Loyal Customers
17297,17,1,128.18,4,1,1,411,Recent Customers
13739,18,2,292.20,4,2,1,421,Recent Customers
16369,18,7,2654.48,4,3,4,434,Champions
13189,18,2,260.68,4,2,1,421,Recent Customers
13673,18,2,387.44,4,2,2,422,Recent Customers
15115,18,3,528.10,4,2,2,422,Recent Customers
15738,18,45,13015.42,4,4,4,444,Champions
12984,18,1,97.50,4,1,1,411,Recent Customers
16713,18,41,13943.36,4,4,4,444,Champions
15132,18,5,977.93,4,3,3,433,Champions
15093,18,34,13034.15,4,4,4,444,Champions
16139,18,5,1111.15,4,3,3,433,Champions
17888,18,31,1312.31,4,4,3,443,Champions
15527,18,31,5166.04,4,4,4,444,Champions
14883,18,7,756.64,4,3,2,432,Loyal Customers
13167,18,5,1113.15,4,3,3,433,Champions
14426,18,27,11103.97,4,4,4,444,Champions
16366,18,4,1548.13,4,3,3,433,Champions
15406,18,6,891.77,4,3,3,433,Champions
13430,18,4,652.07,4,3,2,432,Loyal Customers
14030,18,22,7405.10,4,4,4,444,Champions
17253,18,1,178.26,4,1,1,411,Recent Customers
15567,18,1,186.01,4,1,1,411,Recent Customers
12349,18,5,3654.54,4,3,4,434,Champions
15179,18,17,7426.82,4,4,4,444,Champions
15681,18,16,2480.20,4,4,4,444,Champions
12795,18,1,318.48,4,1,2,412,Recent Customers
14447,18,6,1711.73,4,3,3,433,Champions
12504,18,6,321.00,4,3,2,432,Loyal Customers
14482,18,14,4141.06,4,4,4,444,Champions
12904,18,2,496.06,4,2,2,422,Recent Customers
13246,18,14,3242.00,4,4,4,444,Champions
13823,18,8,3358.55,4,4,4,444,Champions
14300,18,1,43.20,4,1,1,411,Recent Customers
12658,18,1,632.05,4,1,2,412,Recent Customers
17664,18,4,1166.23,4,3,3,433,Champions
17625,18,8,5978.90,4,4,4,444,Champions
14449,18,8,2230.96,4,4,4,444,Champions
16406,18,4,509.66,4,3,2,432,Loyal Customers
15645,18,4,1042.15,4,3,3,433,Champions
17227,18,12,1878.93,4,4,3,443,Champions
14551,18,9,856.64,4,4,3,443,Champions
13282,18,7,1228.89,4,3,3,433,Champions
15163,18,2,304.47,4,2,1,421,Recent Customers
18080,18,2,1231.50,4,2,3,423,Recent Customers
13862,18,11,2534.04,4,4,4,444,Champions
15857,18,2,570.48,4,2,2,422,Recent Customers
12878,18,3,841.64,4,2,3,423,Recent Customers
14587,18,10,1577.39,4,4,3,443,Champions
15671,18,10,2635.49,4,4,4,444,Champions
17100,18,2,971.74,4,2,3,423,Recent Customers
17432,18,9,1728.99,4,4,3,443,Champions
15105,18,9,3094.91,4,4,4,444,Champions
15465,19,39,11670.90,4,4,4,444,Champions
16762,19,3,1207.24,4,2,3,423,Recent Customers
14159,19,25,7526.62,4,4,4,444,Champions
14664,19,2,636.24,4,2,2,422,Recent Customers
16411,19,4,756.39,4,3,2,432,Loyal Customers
15963,19,2,470.76,4,2,2,422,Recent Customers
16399,19,3,628.42,4,2,2,422,Recent Customers
14553,19,10,1793.10,4,4,3,443,Champions
15906,19,12,2442.44,4,4,4,444,Champions
15044,19,47,15653.61,4,4,4,444,Champions
12540,19,36,19159.29,4,4,4,444,Champions
12597,19,5,3067.13,4,3,4,434,Champions
14359,19,6,882.58,4,3,3,433,Champions
16506,19,2,90.30,4,2,1,421,Recent Customers
17758,19,12,4964.03,4,4,4,444,Champions
14595,19,8,2164.45,4,3,4,434,Champions
15988,19,3,736.39,4,2,2,422,Recent Customers
18127,19,4,556.13,4,3,2,432,Loyal Customers
18110,19,3,362.03,4,2,2,422,Recent Customers
13988,19,11,4708.64,4,4,4,444,Champions
13427,19,6,1006.53,4,3,3,433,Champions
15850,19,6,1006.75,4,3,3,433,Champions
17384,19,3,507.55,4,2,2,422,Recent Customers
16212,19,5,1284.56,4,3,3,433,Champions
14052,19,2,466.66,4,2,2,422,Recent Customers
18040,19,2,357.20,4,2,2,422,Recent Customers
14157,19,6,946.24,4,3,3,433,Champions
15533,19,5,746.92,4,3,2,432,Loyal Customers
12778,19,10,1541.68,4,4,3,443,Champions
16464,19,3,1298.66,4,2,3,423,Recent Customers
17555,19,5,1045.74,4,3,3,433,Champions
14477,19,10,1960.61,4,4,3,443,Champions
15426,19,11,2138.86,4,4,4,444,Champions
12702,19,1,201.00,4,1,1,411,Recent Customers
14881,19,1,255.40,4,1,1,411,Recent Customers
13118,19,12,2334.10,4,4,4,444,Champions
13142,19,1,307.09,4,1,1,411,Recent Customers
16710,19,23,5908.60,4,4,4,444,Champions
14116,19,5,1382.74,4,3,3,433,Champions
16666,19,2,217.71,4,2,1,421,Recent Customers
14502,19,14,2307.14,4,4,4,444,Champions
13565,19,3,414.80,4,2,2,422,Recent Customers
17387,19,2,746.81,4,2,2,422,Recent Customers
14984,19,6,1260.51,4,3,3,433,Champions
17425,19,2,759.17,4,2,2,422,Recent Customers
17738,19,15,4145.36,4,4,4,444,Champions
16784,19,5,892.33,4,3,3,433,Champions
17561,19,4,703.02,4,3,2,432,Loyal Customers
15919,19,2,525.69,4,2,2,422,Recent Customers
16533,19,5,1014.19,4,3,3,433,Champions
13200,19,4,870.09,4,3,3,433,Champions
16924,21,4,722.64,4,3,2,432,Loyal Customers
14073,21,2,139.54,4,2,1,421,Recent Customers
16279,21,10,5685.38,4,4,4,444,Champions
16134,21,7,2119.99,4,3,3,433,Champions
18061,21,29,6075.31,4,4,4,444,Champions
17621,21,8,3029.32,4,4,4,444,Champions
12391,21,7,2699.24,4,3,4,434,Champions
13396,21,4,1325.29,4,3,3,433,Champions
12618,21,1,137.31,4,1,1,411,Recent Customers
13094,21,17,1990.98,4,4,3,443,Champions
14315,21,10,3168.72,4,4,4,444,Champions
16350,21,12,2222.49,4,4,4,444,Champions
13381,21,15,8185.02,4,4,4,444,Champions
13880,21,17,4293.86,4,4,4,444,Champions
14849,21,50,15186.60,4,4,4,444,Champions
12380,21,15,7171.00,4,4,4,444,Champions
17650,21,1,166.08,4,1,1,411,Recent Customers
16511,21,6,1758.49,4,3,3,433,Champions
17961,21,102,2850.29,4,4,4,444,Champions
12444,21,5,4085.46,4,3,4,434,Champions
15933,21,3,1107.46,4,2,3,423,Recent Customers
13960,21,2,230.22,4,2,1,421,Recent Customers
17286,21,3,389.18,4,2,2,422,Recent Customers
12781,21,5,671.72,4,3,2,432,Loyal Customers
17159,21,6,2095.44,4,3,3,433,Champions
12931,21,71,71546.97,4,4,4,444,Champions
14342,21,9,843.74,4,4,3,443,Champions
12697,21,5,739.02,4,3,2,432,Loyal Customers
14434,21,6,1372.80,4,3,3,433,Champions
17760,21,7,739.14,4,3,2,432,Loyal Customers
15494,21,6,3702.60,4,3,4,434,Champions
18276,21,10,1620.67,4,4,3,443,Champions
13895,21,8,3923.62,4,4,4,444,Champions
15530,21,5,1808.68,4,3,3,433,Champions
12603,21,1,613.20,4,1,2,412,Recent Customers
16414,21,5,551.21,4,3,2,432,Loyal Customers
13516,21,4,1685.26,4,3,3,433,Champions
14285,21,9,3284.42,4,4,4,444,Champions
13091,21,6,-1343.24,4,3,1,431,Low Engagement
17163,21,4,699.78,4,3,2,432,Loyal Customers
12578,21,7,3956.45,4,3,4,434,Champions
12498,21,3,349.70,4,2,2,422,Recent Customers
13941,21,17,9826.63,4,4,4,444,Champions
15368,21,2,722.74,4,2,2,422,Recent Customers
17904,21,2,168.32,4,2,1,421,Recent Customers
14641,21,1,110.46,4,1,1,411,Recent Customers
15088,21,3,1140.27,4,2,3,423,Recent Customers
16463,21,7,1383.70,4,3,3,433,Champions
16945,21,35,8530.66,4,4,4,444,Champions
14903,21,10,2729.18,4,4,4,444,Champions
12779,21,21,6158.60,4,4,4,444,Champions
14593,21,18,3602.31,4,4,4,444,Champions
18034,21,3,753.35,4,2,2,422,Recent Customers
13962,21,3,362.80,4,2,2,422,Recent Customers
17779,21,5,633.92,4,3,2,432,Loyal Customers
17301,21,2,294.39,4,2,1,421,Recent Customers
16560,21,10,3010.73,4,4,4,444,Champions
13117,21,19,2253.96,4,4,4,444,Champions
14902,21,5,1000.27,4,3,3,433,Champions
14820,21,9,1274.76,4,4,3,443,Champions
18221,22,8,1370.34,4,3,3,433,Champions
12406,22,7,6072.21,4,3,4,434,Champions
12481,22,18,10889.15,4,4,4,444,Champions
14416,22,2,490.22,4,2,2,422,Recent Customers
13138,22,8,1261.26,4,4,3,443,Champions
14332,22,5,1917.41,4,3,3,433,Champions
13894,22,5,535.97,4,3,2,432,Loyal Customers
12449,22,6,4274.89,4,3,4,434,Champions
15287,22,6,854.58,4,3,3,433,Champions
14234,22,4,754.12,4,3,2,432,Loyal Customers
13160,22,1,91.80,4,1,1,411,Recent Customers
12647,22,45,13919.74,4,4,4,444,Champions
16656,22,44,16307.72,4,4,4,444,Champions
17080,22,8,955.41,4,4,3,443,Champions
17095,22,12,2520.75,4,4,4,444,Champions
17985,22,1,631.35,4,1,2,412,Recent Customers
16009,22,4,972.11,4,3,3,433,Champions
15983,22,8,3110.37,4,4,4,444,Champions
15124,22,4,450.82,4,3,2,432,Loyal Customers
17797,22,8,1971.87,4,3,3,433,Champions
15506,22,6,2030.33,4,3,3,433,Champions
14034,22,4,509.09,4,3,2,432,Loyal Customers
12539,22,8,11186.75,4,4,4,444,Champions
16186,22,30,8676.23,4,4,4,444,Champions
12477,22,12,20173.64,4,4,4,444,Champions
16298,22,9,1080.00,4,4,3,443,Champions
13028,22,3,659.68,4,2,2,422,Recent Customers
16070,22,2,852.15,4,2,3,423,Recent Customers
17461,22,3,735.82,4,2,2,422,Recent Customers
12712,22,28,5801.78,4,4,4,444,Champions
15267,22,5,1717.36,4,3,3,433,Champions
14112,22,27,5524.51,4,4,4,444,Champions
15435,22,1,149.29,4,1,1,411,Recent Customers
17716,22,27,15671.32,4,4,4,444,Champions
16531,22,12,2263.58,4,4,4,444,Champions
13313,22,15,3423.27,4,4,4,444,Champions
12356,22,6,5611.73,4,3,4,434,Champions
15489,22,12,2327.36,4,4,4,444,Champions
15081,22,13,1837.12,4,4,3,443,Champions
14362,22,1,151.50,4,1,1,411,Recent Customers
12847,22,2,1609.00,4,2,3,423,Recent Customers
14508,22,6,804.07,4,3,2,432,Loyal Customers
16871,22,7,2761.49,4,3,4,434,Champions
17799,22,23,6121.78,4,4,4,444,Champions
12997,22,16,2065.11,4,4,3,443,Champions
13815,22,10,6547.79,4,4,4,444,Champions
12610,22,7,1705.99,4,3,3,433,Champions
12445,22,3,370.48,4,2,2,422,Recent Customers
15864,22,9,2014.22,4,4,3,443,Champions
17330,22,4,423.80,4,3,2,432,Loyal Customers
13308,22,5,1652.47,4,3,3,433,Champions
17147,22,16,3069.15,4,4,4,444,Champions
16638,22,16,2375.88,4,4,4,444,Champions
13871,22,21,7804.95,4,4,4,444,Champions
17397,22,3,1198.28,4,2,3,423,Recent Customers
16042,22,11,2183.10,4,4,4,444,Champions
16869,22,5,797.32,4,3,2,432,Loyal Customers
17613,22,17,4494.77,4,4,4,444,Champions
12567,22,17,10425.44,4,4,4,444,Champions
15657,22,1,30.00,4,1,1,411,Recent Customers
15529,22,13,4753.66,4,4,4,444,Champions
13828,22,1,209.49,4,1,1,411,Recent Customers
14286,23,12,8396.70,4,4,4,444,Champions
13629,23,19,13370.86,4,4,4,444,Champions
14898,23,18,3242.60,4,4,4,444,Champions
17377,23,91,17184.23,4,4,4,444,Champions
16999,23,2,484.82,4,2,2,422,Recent Customers
12910,23,14,5747.02,4,4,4,444,Champions
13575,23,5,732.07,4,3,2,432,Loyal Customers
17198,23,3,692.22,4,2,2,422,Recent Customers
12993,23,10,1191.26,4,4,3,443,Champions
13939,23,10,1533.66,4,4,3,443,Champions
16278,23,7,1056.59,4,3,3,433,Champions
18246,23,3,758.82,4,2,2,422,Recent Customers
17596,23,14,4478.11,4,4,4,444,Champions
16245,23,5,1352.36,4,3,3,433,Champions
16469,23,5,803.90,4,3,2,432,Loyal Customers
17549,23,2,148.86,4,2,1,421,Recent Customers
15269,23,3,1225.36,4,2,3,423,Recent Customers
13926,23,1,223.85,4,1,1,411,Recent Customers
13449,23,1,291.88,4,1,1,411,Recent Customers
16916,23,4,896.12,4,3,3,433,Champions
17896,23,1,256.32,4,1,1,411,Recent Customers
12991,23,3,764.82,4,2,2,422,Recent Customers
14948,23,7,1066.57,4,3,3,433,Champions
12626,23,13,5722.35,4,4,4,444,Champions
12640,23,3,994.58,4,2,3,423,Recent Customers
18006,23,4,969.51,4,3,3,433,Champions
16804,23,3,536.99,4,2,2,422,Recent Customers
12731,23,19,25540.21,4,4,4,444,Champions
13285,23,6,3364.59,4,3,4,434,Champions
16204,23,4,913.71,4,3,3,433,Champions
16809,23,10,1725.48,4,4,3,443,Champions
15584,23,7,1265.70,4,3,3,433,Champions
16912,23,18,4420.86,4,4,4,444,Champions
13816,23,4,483.04,4,3,2,432,Loyal Customers
15805,23,40,9668.62,4,4,4,444,Champions
15432,23,4,301.26,4,3,1,431,Low Engagement
15051,23,10,3911.91,4,4,4,444,Champions
12500,23,25,5494.31,4,4,4,444,Champions
15900,23,5,876.67,4,3,3,433,Champions
14851,23,3,829.41,4,2,3,423,Recent Customers
15110,23,9,1482.95,4,4,3,443,Champions
13131,23,8,3279.77,4,3,4,434,Champions
16855,23,2,328.40,4,2,2,422,Recent Customers
16008,23,15,5339.13,4,4,4,444,Champions
13447,23,4,1104.23,4,3,3,433,Champions
14057,23,23,8276.10,4,4,4,444,Champions
16669,23,5,1344.48,4,3,3,433,Champions
17680,23,4,462.50,4,3,2,432,Loyal Customers
18075,23,31,5579.91,4,4,4,444,Champions
17368,23,16,2145.39,4,4,4,444,Champions
14507,23,14,3104.80,4,4,4,444,Champions
14109,23,2,80.20,4,2,1,421,Recent Customers
16085,23,13,2318.91,4,4,4,444,Champions
13500,23,5,1436.30,4,3,3,433,Champions
15967,23,13,2943.60,4,4,4,444,Champions
18263,23,4,1211.08,4,3,3,433,Champions
14533,24,15,3185.12,4,4,4,444,Champions
13692,24,8,3022.95,4,4,4,444,Champions
15582,24,3,682.91,4,2,2,422,Recent Customers
13236,24,3,727.27,4,2,2,422,Recent Customers
17974,24,6,1739.09,4,3,3,433,Champions
18123,24,3,666.64,4,2,2,422,Recent Customers
14522,24,8,1748.42,4,3,3,433,Champions
14725,24,5,1196.46,4,3,3,433,Champions
18181,24,7,1166.61,4,3,3,433,Champions
17510,24,2,514.56,4,2,2,422,Recent Customers
16423,24,1,346.12,4,1,2,412,Recent Customers
13846,24,5,1290.34,4,3,3,433,Champions
17357,24,2,384.39,4,2,2,422,Recent Customers
12676,24,12,2333.09,4,4,4,444,Champions
17777,24,3,647.56,4,2,2,422,Recent Customers
14715,24,8,1809.55,4,3,3,433,Champions
15556,24,1,279.77,4,1,1,411,Recent Customers
12933,24,11,1576.88,4,4,3,443,Champions
16557,24,2,281.85,4,2,1,421,Recent Customers
13455,24,11,2080.88,4,4,3,443,Champions
17521,24,6,1276.81,4,3,3,433,Champions
18259,24,7,3941.90,4,3,4,434,Champions
17153,24,1,213.78,4,1,1,411,Recent Customers
15679,24,4,781.28,4,3,2,432,Loyal Customers
15758,24,1,205.25,4,1,1,411,Recent Customers
15720,24,2,739.22,4,2,2,422,Recent Customers
13614,24,6,2332.74,4,3,4,434,Champions
17220,24,21,4451.41,4,4,4,444,Champions
14666,24,1,179.95,4,1,1,411,Recent Customers
17314,24,22,4514.70,4,4,4,444,Champions
13735,24,22,9422.36,4,4,4,444,Champions
12890,24,2,706.02,4,2,2,422,Recent Customers
15955,24,25,8050.23,4,4,4,444,Champions
16341,24,10,3832.29,4,4,4,444,Champions
13632,24,10,3632.36,4,4,4,444,Champions
16878,24,2,0.00,4,2,1,421,Recent Customers
15981,24,27,9284.07,3,4,4,344,Loyal Customers
13066,24,3,430.90,3,2,2,322,Promising
15419,24,1,135.86,3,1,1,311,Promising
14544,24,3,2938.53,3,2,4,324,Promising
12415,24,33,143107.02,3,4,4,344,Loyal Customers
17564,24,3,454.01,3,2,2,322,Promising
13058,24,3,271.40,3,2,1,321,Promising
15524,24,2,591.40,3,2,2,322,Promising
12883,24,4,703.47,3,3,2,332,Loyal Customers
18043,24,3,529.29,3,2,2,322,Promising
14714,24,7,896.40,3,3,3,333,Loyal Customers
12374,25,4,2669.22,3,3,4,334,Loyal Customers
15058,25,17,3354.73,3,4,4,344,Loyal Customers
14680,25,87,53080.02,3,4,4,344,Loyal Customers
12642,25,3,905.26,3,2,3,323,Promising
15863,25,5,355.10,3,3,2,332,Loyal Customers
13577,25,14,3346.62,3,4,4,344,Loyal Customers
16936,25,2,548.29,3,2,2,322,Promising
15839,25,5,1020.74,3,3,3,333,Loyal Customers
13549,25,9,1003.72,3,4,3,343,Loyal Customers
14494,25,3,401.46,3,2,2,322,Promising
17081,25,6,949.39,3,3,3,333,Loyal Customers
17652,25,18,4737.13,3,4,4,344,Loyal Customers
16303,25,9,7823.72,3,4,4,344,Loyal Customers
16207,25,1,394.38,3,1,2,312,Promising
17793,25,1,300.34,3,1,1,311,Promising
14684,25,6,1430.03,3,3,3,333,Loyal Customers
13835,25,8,1044.82,3,3,3,333,Loyal Customers
16478,25,3,331.00,3,2,2,322,Promising
15125,25,36,16124.33,3,4,4,344,Loyal Customers
15291,25,53,13077.44,3,4,4,344,Loyal Customers
12428,25,12,6366.00,3,4,4,344,Loyal Customers
16747,25,4,826.96,3,3,3,333,Loyal Customers
15781,25,4,333.56,3,3,2,332,Loyal Customers
18082,25,1,680.84,3,1,2,312,Promising
15458,25,2,370.44,3,2,2,322,Promising
15050,25,7,4032.27,3,3,4,334,Loyal Customers
15660,25,18,2554.84,3,4,4,344,Loyal Customers
18117,25,1,314.40,3,1,1,311,Promising
17538,25,1,98.42,3,1,1,311,Promising
15365,25,15,3791.98,3,4,4,344,Loyal Customers
17235,25,8,1562.98,3,3,3,333,Loyal Customers
12689,25,2,1139.61,3,2,3,323,Promising
16504,25,1,465.88,3,1,2,312,Promising
12938,25,1,114.14,3,1,1,311,Promising
14530,25,19,5968.62,3,4,4,344,Loyal Customers
18211,25,5,600.07,3,3,2,332,Loyal Customers
15168,25,1,106.56,3,1,1,311,Promising
16519,25,4,436.96,3,3,2,332,Loyal Customers
17663,25,23,5081.04,3,4,4,344,Loyal Customers
15203,25,15,4400.18,3,4,4,344,Loyal Customers
14953,25,5,960.42,3,3,3,333,Loyal Customers
15532,25,12,3653.35,3,4,4,344,Loyal Customers
14862,25,2,841.20,3,2,3,323,Promising
16639,25,5,1659.85,3,3,3,333,Loyal Customers
13178,26,25,13997.89,3,4,4,344,Loyal Customers
14499,26,10,2083.44,3,4,3,343,Loyal Customers
17041,26,7,1639.40,3,3,3,333,Loyal Customers
13450,26,14,4117.54,3,4,4,344,Loyal Customers
14661,26,1,107.95,3,1,1,311,Promising
14882,26,15,3345.05,3,4,4,344,Loyal Customers
13700,26,14,2569.72,3,4,4,344,Loyal Customers
18069,26,13,4434.17,3,4,4,344,Loyal Customers
13379,26,3,572.56,3,2,2,322,Promising
17211,26,15,3728.80,3,4,4,344,Loyal Customers
17838,26,15,5134.49,3,4,4,344,Loyal Customers
15411,26,5,1336.43,3,3,3,333,Loyal Customers
12865,26,5,3303.31,3,3,4,334,Loyal Customers
16720,26,4,556.69,3,3,2,332,Loyal Customers
16898,26,6,820.86,3,3,3,333,Loyal Customers
13170,26,1,108.81,3,1,1,311,Promising
14227,26,22,6324.76,3,4,4,344,Loyal Customers
15599,26,3,1250.06,3,2,3,323,Promising
14487,26,8,1253.52,3,4,3,343,Loyal Customers
15429,26,3,364.90,3,2,2,322,Promising
13146,26,1,228.91,3,1,1,311,Promising
15787,26,3,933.26,3,2,3,323,Promising
15449,26,5,971.22,3,3,3,333,Loyal Customers
13892,26,6,1267.65,3,3,3,333,Loyal Customers
14784,26,3,449.93,3,2,2,322,Promising
16930,26,3,378.89,3,2,2,322,Promising
17790,26,20,2779.41,3,4,4,344,Loyal Customers
17287,26,23,3810.61,3,4,4,344,Loyal Customers
13451,26,13,7017.97,3,4,4,344,Loyal Customers
17720,26,12,2613.06,3,4,4,344,Loyal Customers
14382,26,3,1187.68,3,2,3,323,Promising
13603,26,1,164.34,3,1,1,311,Promising
14044,26,11,3057.00,3,4,4,344,Loyal Customers
13984,26,13,1461.32,3,4,3,343,Loyal Customers
16726,26,7,2063.88,3,3,3,333,Loyal Customers
12867,26,16,7782.91,3,4,4,344,Loyal Customers
16416,26,10,2937.88,3,4,4,344,Loyal Customers
12508,26,2,397.88,3,2,2,322,Promising
12691,28,7,1044.40,3,3,3,333,Loyal Customers
14789,28,1,197.64,3,1,1,311,Promising
16460,28,3,811.23,3,2,2,322,Promising
17015,28,3,1838.61,3,2,3,323,Promising
17052,28,1,399.09,3,1,2,312,Promising
18209,28,1,139.10,3,1,1,311,Promising
12685,28,6,2575.08,3,3,4,334,Loyal Customers
12726,28,11,3690.60,3,4,4,344,Loyal Customers
13727,28,9,1061.40,3,4,3,343,Loyal Customers
17088,28,4,1991.01,3,3,3,333,Loyal Customers
12517,28,6,2263.65,3,3,4,334,Loyal Customers
16332,28,13,1977.05,3,4,3,343,Loyal Customers
15692,28,1,191.04,3,1,1,311,Promising
13810,28,4,827.51,3,3,3,333,Loyal Customers
17295,28,3,547.00,3,2,2,322,Promising
17069,28,21,5441.35,3,4,4,344,Loyal Customers
12384,28,3,406.16,3,2,2,322,Promising
15557,28,1,468.91,3,1,2,312,Promising
14035,28,11,2790.50,3,4,4,344,Loyal Customers
12480,28,8,4805.10,3,4,4,344,Loyal Customers
13732,28,1,491.86,3,1,2,312,Promising
17512,28,20,5432.27,3,4,4,344,Loyal Customers
14226,28,9,2950.38,3,4,4,344,Loyal Customers
15608,28,5,1785.98,3,3,3,333,Loyal Customers
17162,28,11,1707.21,3,4,3,343,Loyal Customers
15492,28,2,659.46,3,2,2,322,Promising
18014,28,1,154.27,3,1,1,311,Promising
16433,28,2,384.52,3,2,2,322,Promising
14662,28,7,1376.43,3,3,3,333,Loyal Customers
17191,28,16,4284.84,3,4,4,344,Loyal Customers
17054,28,6,1353.83,3,3,3,333,Loyal Customers
16671,28,3,1692.27,3,2,3,323,Promising
12589,28,11,2752.17,3,4,4,344,Loyal Customers
16386,28,3,1068.16,3,2,3,323,Promising
12600,28,26,4343.60,3,4,4,344,Loyal Customers
13557,28,16,2980.08,3,4,4,344,Loyal Customers
14064,29,21,2967.57,3,4,4,344,Loyal Customers
16863,29,5,812.82,3,3,2,332,Loyal Customers
17791,29,1,106.10,3,1,1,311,Promising
12659,29,1,73.68,3,1,1,311,Promising
12544,29,2,299.70,3,2,1,321,Promising
17901,29,3,260.08,3,2,1,321,Promising
18217,29,6,902.80,3,3,3,333,Loyal Customers
17977,29,3,1453.55,3,2,3,323,Promising
14765,29,3,254.11,3,2,1,321,Promising
12599,29,13,2026.72,3,4,3,343,Loyal Customers
17932,29,3,1331.57,3,2,3,323,Promising
16434,29,13,2658.99,3,4,4,344,Loyal Customers
16003,29,10,5613.83,3,4,4,344,Loyal Customers
14748,29,16,2208.89,3,4,4,344,Loyal Customers
15111,29,5,2442.37,3,3,4,334,Loyal Customers
16791,29,18,3852.31,3,4,4,344,Loyal Customers
18236,29,12,1795.35,3,4,3,343,Loyal Customers
12844,29,4,648.60,3,3,2,332,Loyal Customers
16907,29,9,1470.89,3,4,3,343,Loyal Customers
17059,29,10,4846.87,3,4,4,344,Loyal Customers
17109,29,10,1276.35,3,4,3,343,Loyal Customers
17197,29,1,1013.01,3,1,3,313,Promising
17442,29,23,4517.70,3,4,4,344,Loyal Customers
16218,29,19,3872.30,3,4,4,344,Loyal Customers
14829,29,9,1402.97,3,4,3,343,Loyal Customers
15289,29,7,1570.71,3,3,3,333,Loyal Customers
16986,29,11,4888.75,3,4,4,344,Loyal Customers
17653,29,5,1175.88,3,3,3,333,Loyal Customers
14944,29,24,9574.92,3,4,4,344,Loyal Customers
13817,29,2,328.98,3,2,2,322,Promising
14466,29,13,4267.15,3,4,4,344,Loyal Customers
15238,29,5,1056.54,3,3,3,333,Loyal Customers
17537,29,2,887.67,3,2,3,323,Promising
13460,29,2,183.44,3,2,1,321,Promising
16126,29,15,14644.60,3,4,4,344,Loyal Customers
17416,29,25,17221.47,3,4,4,344,Loyal Customers
12981,29,2,372.22,3,2,2,322,Promising
12541,29,3,841.18,3,2,3,323,Promising
15830,29,2,547.70,3,2,2,322,Promising
15597,29,3,554.52,3,2,2,322,Promising
15785,29,26,5825.33,3,4,4,344,Loyal Customers
16628,29,8,2313.09,3,3,4,334,Loyal Customers
14712,29,4,1328.07,3,3,3,333,Loyal Customers
18125,29,5,1130.10,3,3,3,333,Loyal Customers
16025,29,1,439.66,3,1,2,312,Promising
16743,29,15,4165.90,3,4,4,344,Loyal Customers
16903,29,4,1009.45,3,3,3,333,Loyal Customers
13983,29,30,6638.85,3,4,4,344,Loyal Customers
12708,29,30,4381.72,3,4,4,344,Loyal Customers
15463,29,1,126.14,3,1,1,311,Promising
12617,29,1,352.98,3,1,2,312,Promising
14863,29,1,266.76,3,1,1,311,Promising
17573,29,4,362.90,3,3,2,332,Loyal Customers
13606,29,3,276.75,3,2,1,321,Promising
15184,29,4,685.39,3,3,2,332,Loyal Customers
15355,29,2,277.05,3,2,1,321,Promising
12473,29,9,2545.27,3,4,4,344,Loyal Customers
13148,29,36,7990.11,3,4,4,344,Loyal Customers
18135,29,13,1229.22,3,4,3,343,Loyal Customers
12538,29,2,640.45,3,2,2,322,Promising
15452,29,6,1785.11,3,3,3,333,Loyal Customers
13384,30,15,6635.09,3,4,4,344,Loyal Customers
16205,30,7,1813.51,3,3,3,333,Loyal Customers
14214,30,7,1000.23,3,3,3,333,Loyal Customers
16996,30,13,2044.16,3,4,3,343,Loyal Customers
14108,30,5,1041.21,3,3,3,333,Loyal Customers
14921,30,2,1316.07,3,2,3,323,Promising
12893,30,1,176.55,3,1,1,311,Promising
14240,30,3,1247.49,3,2,3,323,Promising
15114,30,12,3400.12,3,4,4,344,Loyal Customers
15986,30,2,354.42,3,2,2,322,Promising
16880,30,8,1813.21,3,3,3,333,Loyal Customers
13992,30,3,219.50,3,2,1,321,Promising
13209,30,16,8438.06,3,4,4,344,Loyal Customers
13029,30,5,1927.30,3,3,3,333,Loyal Customers
16516,30,1,101.70,3,1,1,311,Promising
15485,30,8,4663.92,3,3,4,334,Loyal Customers
14968,30,2,497.49,3,2,2,322,Promising
16767,30,16,7950.41,3,4,4,344,Loyal Customers
17867,30,20,835.22,3,4,3,343,Loyal Customers
15450,30,1,429.84,3,1,2,312,Promising
17865,30,62,25584.75,3,4,4,344,Loyal Customers
13623,30,15,2456.73,3,4,4,344,Loyal Customers
12949,30,28,15391.00,3,4,4,344,Loyal Customers
17690,30,21,6954.30,3,4,4,344,Loyal Customers
14284,30,4,1282.85,3,3,3,333,Loyal Customers
16953,30,1,20.80,3,1,1,311,Promising
17011,30,4,536.70,3,2,2,322,Promising
13046,30,3,949.25,3,2,3,323,Promising
14691,30,5,2114.33,3,3,3,333,Loyal Customers
13804,30,9,3161.12,3,4,4,344,Loyal Customers
17038,30,2,743.17,3,2,2,322,Promising
16041,30,3,3166.40,3,2,4,324,Promising
15027,30,13,2974.04,3,4,4,344,Loyal Customers
17702,30,9,2999.94,3,4,4,344,Loyal Customers
12532,30,1,313.83,3,1,1,311,Promising
12472,30,37,14169.69,3,4,4,344,Loyal Customers
16751,30,1,1764.72,3,1,3,313,Promising
13522,30,1,125.80,3,1,1,311,Promising
16732,31,9,3966.79,3,4,4,344,Loyal Customers
12990,31,7,955.50,3,3,3,333,Loyal Customers
16187,31,17,6841.24,3,4,4,344,Loyal Customers
14360,31,4,2118.03,3,3,3,333,Loyal Customers
16284,31,3,1018.48,3,2,3,323,Promising
14050,31,2,746.36,3,2,2,322,Promising
17022,31,2,260.00,3,2,1,321,Promising
13272,31,2,276.56,3,2,1,321,Promising
17633,31,9,1974.89,3,4,3,343,Loyal Customers
15763,31,3,1048.67,3,2,3,323,Promising
15275,31,2,609.19,3,2,2,322,Promising
17289,31,11,2032.30,3,4,3,343,Loyal Customers
15249,31,21,9147.15,3,4,4,344,Loyal Customers
17886,31,7,1562.60,3,3,3,333,Loyal Customers
13695,31,16,2770.73,3,4,4,344,Loyal Customers
16253,31,9,7222.20,3,4,4,344,Loyal Customers
15103,31,2,703.36,3,2,2,322,Promising
16618,31,6,2630.64,3,3,4,334,Loyal Customers
14676,31,16,8285.49,3,4,4,344,Loyal Customers
16837,31,12,3167.73,3,4,4,344,Loyal Customers
18216,31,1,481.75,3,1,2,312,Promising
12721,31,10,3555.83,3,4,4,344,Loyal Customers
13643,31,15,2112.17,3,4,3,343,Loyal Customers
14232,31,8,2043.93,3,4,3,343,Loyal Customers
15153,31,1,329.25,3,1,2,312,Promising
15043,31,6,2855.32,3,3,4,334,Loyal Customers
16505,31,1,777.60,3,1,2,312,Promising
13110,31,14,2896.17,3,4,4,344,Loyal Customers
16602,31,5,711.63,3,3,2,332,Loyal Customers
13329,31,14,4672.82,3,4,4,344,Loyal Customers
17515,31,9,1602.51,3,4,3,343,Loyal Customers
12849,31,6,3015.98,3,3,4,334,Loyal Customers
17219,31,2,259.13,3,2,1,321,Promising
15573,31,5,1180.47,3,3,3,333,Loyal Customers
15957,31,3,921.25,3,2,3,323,Promising
17964,31,2,463.21,3,2,2,322,Promising
15513,31,41,25959.16,3,4,4,344,Loyal Customers
18177,31,10,2189.07,3,4,4,344,Loyal Customers
13975,31,14,5224.85,3,4,4,344,Loyal Customers
13047,31,42,8110.09,3,4,4,344,Loyal Customers
15356,31,13,3239.57,3,4,4,344,Loyal Customers
13710,31,3,509.52,3,2,2,322,Promising
12613,31,13,6033.82,3,4,4,344,Loyal Customers
14524,31,13,2909.86,3,4,4,344,Loyal Customers
13587,31,6,1308.10,3,3,3,333,Loyal Customers
17160,31,18,10201.36,3,4,4,344,Loyal Customers
17637,31,2,547.06,3,2,2,322,Promising
18164,31,2,394.70,3,2,2,322,Promising
15066,31,2,760.59,3,2,2,322,Promising
13867,31,3,1005.09,3,2,3,323,Promising
18150,32,3,566.58,3,2,2,322,Promising
15719,32,39,10117.22,3,4,4,344,Loyal Customers
18016,32,7,1954.56,3,3,3,333,Loyal Customers
12408,32,14,3859.64,3,4,4,344,Loyal Customers
14929,32,2,836.69,3,2,3,323,Promising
16232,32,10,2692.02,3,4,4,344,Loyal Customers
17043,32,8,2593.65,3,4,4,344,Loyal Customers
17430,32,4,622.57,3,3,2,332,Loyal Customers
17164,32,8,2466.40,3,3,4,334,Loyal Customers
17761,32,1,712.78,3,1,2,312,Promising
13717,32,11,1748.05,3,4,3,343,Loyal Customers
15493,32,11,4078.64,3,4,4,344,Loyal Customers
15870,32,4,857.46,3,3,3,333,Loyal Customers
14080,32,6,1075.73,3,3,3,333,Loyal Customers
16612,32,10,3243.48,3,4,4,344,Loyal Customers
17623,32,7,2365.77,3,3,4,334,Loyal Customers
13993,32,24,6690.36,3,4,4,344,Loyal Customers
12484,32,16,5490.80,3,4,4,344,Loyal Customers
14623,32,12,1983.55,3,4,3,343,Loyal Customers
16637,32,5,1124.59,3,3,3,333,Loyal Customers
13324,32,23,10421.37,3,4,4,344,Loyal Customers
15330,32,2,714.96,3,2,2,322,Promising
16362,32,11,816.96,3,4,2,342,Loyal Customers
16053,32,8,3606.14,3,3,4,334,Loyal Customers
12832,32,2,383.03,3,2,2,322,Promising
17107,32,13,15595.37,3,4,4,344,Loyal Customers
18036,32,11,1545.49,3,4,3,343,Loyal Customers
14387,32,3,1727.60,3,2,3,323,Promising
15618,32,5,747.03,3,3,2,332,Loyal Customers
13824,32,14,3273.36,3,4,4,344,Loyal Customers
15522,32,2,397.99,3,2,2,322,Promising
14700,32,5,3076.06,3,3,4,334,Loyal Customers
13097,32,40,12811.56,3,4,4,344,Loyal Customers
16348,32,8,1742.08,3,4,3,343,Loyal Customers
17158,32,6,1962.30,3,3,3,333,Loyal Customers
14174,33,1,134.46,3,1,1,311,Promising
15017,33,1,125.58,3,1,1,311,Promising
16445,33,4,583.16,3,3,2,332,Loyal Customers
15696,33,21,3732.12,3,4,4,344,Loyal Customers
16372,33,6,1260.31,3,3,3,333,Loyal Customers
13532,33,1,210.31,3,1,1,311,Promising
13155,33,6,1370.48,3,3,3,333,Loyal Customers
13634,33,17,4434.16,3,4,4,344,Loyal Customers
16466,33,16,3642.09,3,4,4,344,Loyal Customers
14404,33,15,2625.13,3,4,4,344,Loyal Customers
16357,33,4,868.37,3,3,3,333,Loyal Customers
13527,33,14,4507.59,3,4,4,344,Loyal Customers
17608,33,4,488.06,3,3,2,332,Loyal Customers
16488,33,4,492.20,3,3,2,332,Loyal Customers
12838,33,12,2953.46,3,4,4,344,Loyal Customers
17831,33,1,35.40,3,1,1,311,Promising
15952,33,4,781.91,3,3,2,332,Loyal Customers
15407,33,4,1046.74,3,3,3,333,Loyal Customers
15526,33,2,148.44,3,2,1,321,Promising
16771,33,10,3921.10,3,4,4,344,Loyal Customers
12638,33,2,681.49,3,2,2,322,Promising
12645,33,10,3175.10,3,4,4,344,Loyal Customers
13759,33,2,659.41,3,2,2,322,Promising
14517,33,2,330.45,3,2,2,322,Promising
14039,33,2,267.28,3,2,1,321,Promising
17082,33,6,4732.03,3,3,4,334,Loyal Customers
13772,33,9,3080.52,3,4,4,344,Loyal Customers
16243,33,2,409.10,3,2,2,322,Promising
13523,33,7,4325.07,3,3,4,334,Loyal Customers
18170,33,9,2878.00,3,4,4,344,Loyal Customers
15025,33,2,971.84,3,2,3,323,Promising
12357,33,3,17437.66,3,2,4,324,Promising
16676,33,7,2328.50,3,3,4,334,Loyal Customers
15427,33,3,1430.54,3,2,3,323,Promising
14592,35,3,557.94,3,2,2,322,Promising
18035,35,5,1260.23,3,3,3,333,Loyal Customers
16012,35,5,2978.59,3,3,4,334,Loyal Customers
17274,35,2,573.22,3,2,2,322,Promising
14150,35,2,658.64,3,2,2,322,Promising
13651,35,4,193.95,3,3,1,331,Low Engagement
12944,35,2,604.51,3,2,2,322,Promising
15722,35,15,5107.85,3,4,4,344,Loyal Customers
17233,35,3,560.86,3,2,2,322,Promising
17193,35,12,2254.60,3,4,4,344,Loyal Customers
12928,35,12,4304.89,3,4,4,344,Loyal Customers
17930,35,15,4242.92,3,4,4,344,Loyal Customers
17084,35,4,4997.96,3,3,4,334,Loyal Customers
16318,35,1,328.15,3,1,2,312,Promising
15010,35,1,308.94,3,1,1,311,Promising
15809,35,9,862.88,3,4,3,343,Loyal Customers
12431,35,33,9963.66,3,4,4,344,Loyal Customers
12397,35,2,2214.90,3,2,4,324,Promising
13592,35,4,247.96,3,3,1,331,Low Engagement
16014,35,6,1091.03,3,3,3,333,Loyal Customers
12576,35,11,2003.87,3,4,3,343,Loyal Customers
13938,35,1,71.66,3,1,1,311,Promising
17703,35,4,1094.84,3,3,3,333,Loyal Customers
15345,35,2,367.69,3,2,2,322,Promising
15329,35,20,2737.18,3,4,4,344,Loyal Customers
14842,35,8,2456.80,3,3,4,334,Loyal Customers
14412,35,4,1417.49,3,3,3,333,Loyal Customers
16887,35,3,658.17,3,2,2,322,Promising
14567,35,3,1524.46,3,2,3,323,Promising
16555,35,10,285.89,3,4,1,341,Low Engagement
14913,35,8,4073.13,3,4,4,344,Loyal Customers
17979,35,5,709.11,3,3,2,332,Loyal Customers
14971,35,3,1097.98,3,2,3,323,Promising
15468,35,7,1387.48,3,3,3,333,Loyal Customers
12577,35,9,1550.75,3,4,3,343,Loyal Customers
17203,35,10,5564.09,3,4,4,344,Loyal Customers
15707,35,4,916.98,3,3,3,333,Loyal Customers
15598,35,4,543.02,3,3,2,332,Loyal Customers
18022,35,5,1506.62,3,3,3,333,Loyal Customers
12808,36,5,748.70,3,3,2,332,Loyal Customers
18205,36,2,517.36,3,2,2,322,Promising
15227,36,9,2488.49,3,4,4,344,Loyal Customers
15612,36,2,195.15,3,2,1,321,Promising
16729,36,26,7045.41,3,4,4,344,Loyal Customers
15651,36,5,1259.06,3,3,3,333,Loyal Customers
15521,36,24,6780.39,3,4,4,344,Loyal Customers
15252,36,7,2053.06,3,3,3,333,Loyal Customers
17078,36,2,375.86,3,2,2,322,Promising
12352,36,13,1609.21,3,4,3,343,Loyal Customers
16914,36,1,183.76,3,1,1,311,Promising
17403,36,2,382.87,3,2,2,322,Promising
15998,36,21,8186.19,3,4,4,344,Loyal Customers
15605,36,10,1738.55,3,4,3,343,Loyal Customers
18081,36,3,343.45,3,2,2,322,Promising
17076,36,6,1242.75,3,3,3,333,Loyal Customers
15551,36,9,1629.01,3,4,3,343,Loyal Customers
17816,36,6,96.11,3,3,1,331,Low Engagement
13925,36,6,616.65,3,3,2,332,Loyal Customers
13168,36,6,1831.68,3,3,3,333,Loyal Customers
14856,36,3,1290.53,3,2,3,323,Promising
13721,36,2,741.54,3,2,2,322,Promising
16841,36,14,3841.16,3,4,4,344,Loyal Customers
17634,36,9,2358.59,3,4,4,344,Loyal Customers
14098,36,1,147.35,3,1,1,311,Promising
16221,36,10,2011.97,3,4,3,343,Loyal Customers
16337,36,1,151.05,3,1,1,311,Promising
14636,36,2,609.85,3,2,2,322,Promising
13636,36,6,941.62,3,3,3,333,Loyal Customers
13728,36,16,2855.17,3,4,4,344,Loyal Customers
14815,36,2,778.50,3,2,2,322,Promising
17351,36,12,1964.38,3,4,3,343,Loyal Customers
16409,36,12,5652.74,3,4,4,344,Loyal Customers
15065,37,7,3304.71,3,3,4,334,Loyal Customers
17999,37,3,528.46,3,2,2,322,Promising
13316,37,12,12818.42,3,4,4,344,Loyal Customers
12594,37,17,4862.51,3,4,4,344,Loyal Customers
13271,37,2,172.37,3,2,1,321,Promising
16706,37,3,531.35,3,2,2,322,Promising
16884,37,4,1070.97,3,2,3,323,Promising
13904,37,2,332.64,3,2,2,322,Promising
17966,37,10,1963.92,3,4,3,343,Loyal Customers
16367,37,3,1350.48,3,2,3,323,Promising
15576,37,1,921.37,3,1,3,313,Promising
13477,37,13,2806.12,3,4,4,344,Loyal Customers
16043,37,8,1856.59,3,4,3,343,Loyal Customers
18104,37,1,754.64,3,1,2,312,Promising
14974,37,1,89.94,3,1,1,311,Promising
16308,37,7,5120.00,3,3,4,334,Loyal Customers
17719,37,18,5367.80,3,4,4,344,Loyal Customers
18105,37,1,113.48,3,1,1,311,Promising
17965,37,33,6879.70,3,4,4,344,Loyal Customers
12830,37,7,6814.64,3,3,4,334,Loyal Customers
14528,37,1,364.22,3,1,2,312,Promising
17800,37,9,1186.21,3,4,3,343,Loyal Customers
17947,37,1,176.68,3,1,1,311,Promising
16029,38,125,97066.71,3,4,4,344,Loyal Customers
16830,38,5,1183.70,3,3,3,333,Loyal Customers
13032,38,11,2790.00,3,4,4,344,Loyal Customers
14995,38,2,231.98,3,2,1,321,Promising
12552,38,2,317.82,3,2,1,321,Promising
12491,38,1,424.40,3,1,2,312,Promising
17166,38,3,189.49,3,2,1,321,Promising
15847,38,5,822.57,3,3,3,333,Loyal Customers
16960,38,9,1967.48,3,4,3,343,Loyal Customers
13327,38,22,8914.42,3,4,4,344,Loyal Customers
15423,38,4,219.14,3,3,1,331,Low Engagement
18226,38,38,11749.58,3,4,4,344,Loyal Customers
14345,38,1,108.98,3,1,1,311,Promising
13726,38,2,1079.66,3,2,3,323,Promising
17733,38,2,692.19,3,2,2,322,Promising
16648,38,4,653.00,3,3,2,332,Loyal Customers
14485,38,1,162.80,3,1,1,311,Promising
15018,38,4,456.26,3,3,2,332,Loyal Customers
16825,38,5,1826.89,3,3,3,333,Loyal Customers
13292,38,6,987.79,3,3,3,333,Loyal Customers
13697,38,1,151.30,3,1,1,311,Promising
17696,38,48,7380.89,3,4,4,344,Loyal Customers
13461,38,8,4138.50,3,3,4,334,Loyal Customers
16150,38,20,3761.27,3,4,4,344,Loyal Customers
18270,38,4,406.30,3,3,2,332,Loyal Customers
14383,38,3,1247.69,3,2,3,323,Promising
15752,39,10,3916.46,3,4,4,344,Loyal Customers
12581,39,1,179.71,3,1,1,311,Promising
15360,39,1,427.93,3,1,2,312,Promising
13186,39,5,1539.69,3,3,3,333,Loyal Customers
16018,39,4,698.13,3,3,2,332,Loyal Customers
12909,39,13,3034.77,3,4,4,344,Loyal Customers
12571,39,2,519.61,3,2,2,322,Promising
13103,39,3,709.64,3,2,2,322,Promising
12588,39,5,698.98,3,3,2,332,Loyal Customers
14167,39,8,1274.29,3,4,3,343,Loyal Customers
16127,39,2,801.31,3,2,2,322,Promising
12522,39,2,156.72,3,2,1,321,Promising
14808,39,15,2277.80,3,4,4,344,Loyal Customers
17951,39,5,1322.88,3,3,3,333,Loyal Customers
16836,39,4,782.37,3,3,2,332,Loyal Customers
18257,39,18,4490.45,3,4,4,344,Loyal Customers
16969,39,3,650.41,3,2,2,322,Promising
13813,39,12,2308.42,3,4,4,344,Loyal Customers
15974,39,8,3429.55,3,3,4,334,Loyal Customers
15667,39,1,301.32,3,1,1,311,Promising
13982,39,13,3927.49,3,4,4,344,Loyal Customers
14738,39,12,1763.64,3,4,3,343,Loyal Customers
17396,39,16,8159.10,3,4,4,344,Loyal Customers
13145,39,8,1124.77,3,3,3,333,Loyal Customers
13544,39,7,781.70,3,3,2,332,Loyal Customers
15865,40,5,2241.42,3,3,4,334,Loyal Customers
14040,40,42,12340.13,3,4,4,344,Loyal Customers
17255,40,4,781.70,3,3,2,332,Loyal Customers
15478,40,3,1940.98,3,2,3,323,Promising
17372,40,31,4264.33,3,4,4,344,Loyal Customers
16601,40,3,675.83,3,2,2,322,Promising
15748,40,3,609.81,3,2,2,322,Promising
13607,40,3,1058.11,3,2,3,323,Promising
17609,40,14,1740.01,3,4,3,343,Loyal Customers
14582,40,1,114.11,3,1,1,311,Promising
15708,40,14,3840.73,3,4,4,344,Loyal Customers
14158,40,1,507.66,3,1,2,312,Promising
17018,40,6,2287.70,3,3,4,334,Loyal Customers
16049,40,6,1852.15,3,3,3,333,Loyal Customers
14179,40,2,701.57,3,2,2,322,Promising
13278,40,5,1425.35,3,3,3,333,Loyal Customers
14077,40,6,615.08,3,3,2,332,Loyal Customers
14295,40,8,2309.06,3,3,4,334,Loyal Customers
15669,40,5,677.69,3,3,2,332,Loyal Customers
15385,40,3,942.08,3,2,3,323,Promising
13524,40,5,680.18,3,3,2,332,Loyal Customers
13617,40,9,1263.80,3,4,3,343,Loyal Customers
17796,40,7,1236.39,3,3,3,333,Loyal Customers
18067,40,1,396.33,3,1,2,312,Promising
15370,40,9,3713.51,3,4,4,344,Loyal Customers
15860,40,17,2358.80,3,4,4,344,Loyal Customers
17447,40,2,541.53,3,2,2,322,Promising
15059,40,27,3394.45,3,4,4,344,Loyal Customers
13421,40,11,4033.95,3,4,4,344,Loyal Customers
14810,40,13,2354.03,3,4,4,344,Loyal Customers
13566,40,5,1684.75,3,3,3,333,Loyal Customers
16190,40,8,2723.55,3,4,4,344,Loyal Customers
16235,40,11,1980.61,3,4,3,343,Loyal Customers
17213,40,20,4766.03,3,4,4,344,Loyal Customers
17373,40,7,1167.50,3,3,3,333,Loyal Customers
15376,40,3,1221.56,3,2,3,323,Promising
17839,42,1,318.15,3,1,1,311,Promising
17552,42,16,2744.63,3,4,4,344,Loyal Customers
12432,42,5,4359.32,3,3,4,334,Loyal Customers
13812,42,3,485.00,3,2,2,322,Promising
17418,42,3,670.06,3,2,2,322,Promising
12895,42,3,347.30,3,2,2,322,Promising
18287,42,8,4127.89,3,3,4,334,Loyal Customers
14498,42,10,3900.83,3,4,4,344,Loyal Customers
12678,42,23,32165.13,3,4,4,344,Loyal Customers
16102,42,3,1842.14,3,2,3,323,Promising
14218,42,1,169.48,3,1,1,311,Promising
16843,42,38,19528.78,3,4,4,344,Loyal Customers
17272,42,5,2144.53,3,3,4,334,Loyal Customers
15096,42,1,219.39,3,1,1,311,Promising
14221,42,19,6506.59,3,4,4,344,Loyal Customers
17837,42,10,1502.48,3,4,3,343,Loyal Customers
17669,42,10,6142.35,3,4,4,344,Loyal Customers
14239,43,24,4203.72,3,4,4,344,Loyal Customers
15791,43,9,3541.79,3,4,4,344,Loyal Customers
16690,43,5,336.08,3,3,2,332,Loyal Customers
15014,43,2,257.67,3,2,1,321,Promising
14004,43,11,6258.45,3,4,4,344,Loyal Customers
14474,43,3,1248.94,3,2,3,323,Promising
13538,43,12,3103.13,3,4,4,344,Loyal Customers
15469,43,6,834.40,3,3,3,333,Loyal Customers
14764,43,2,250.55,3,2,1,321,Promising
15288,43,10,3706.53,3,4,4,344,Loyal Customers
17878,43,3,1378.93,3,2,3,323,Promising
14233,43,10,2766.96,3,4,4,344,Loyal Customers
17459,43,2,657.30,3,2,2,322,Promising
14357,43,1,225.12,3,1,1,311,Promising
18261,43,2,324.24,3,2,2,322,Promising
16847,43,2,614.89,3,2,2,322,Promising
14716,43,3,543.28,3,2,2,322,Promising
16680,43,3,821.45,3,2,3,323,Promising
15786,43,9,8379.65,3,4,4,344,Loyal Customers
15038,43,10,1106.63,3,4,3,343,Loyal Customers
12430,43,1,216.40,3,1,1,311,Promising
15659,43,3,532.49,3,2,2,322,Promising
17545,43,6,1409.86,3,3,3,333,Loyal Customers
17414,43,6,2249.52,3,3,4,334,Loyal Customers
13791,43,3,1047.68,3,2,3,323,Promising
16026,43,1,236.09,3,1,1,311,Promising
13416,43,3,940.80,3,2,3,323,Promising
14752,43,1,389.64,3,1,2,312,Promising
17672,43,9,5592.19,3,4,4,344,Loyal Customers
17684,43,1,239.41,3,1,1,311,Promising
13654,43,11,6308.00,3,4,4,344,Loyal Customers
17175,44,5,1430.94,3,3,3,333,Loyal Customers
16454,44,8,7.45,3,4,1,341,Low Engagement
16071,44,4,1076.80,3,3,3,333,Loyal Customers
16750,44,5,623.93,3,3,2,332,Loyal Customers
16188,44,6,1077.71,3,3,3,333,Loyal Customers
15516,44,3,62.43,3,2,1,321,Promising
15821,44,2,570.96,3,2,2,322,Promising
16208,44,10,3440.45,3,4,4,344,Loyal Customers
15240,44,20,4327.51,3,4,4,344,Loyal Customers
17895,44,1,95.45,3,1,1,311,Promising
12879,44,4,552.57,3,3,2,332,Loyal Customers
14754,44,7,1543.73,3,3,3,333,Loyal Customers
15296,44,20,10204.13,3,4,4,344,Loyal Customers
17470,44,11,2626.47,3,4,4,344,Loyal Customers
12812,44,1,229.64,3,1,1,311,Promising
15215,44,11,1496.46,3,4,3,343,Loyal Customers
14690,44,5,764.59,3,3,2,332,Loyal Customers
16225,44,18,2813.81,3,4,4,344,Loyal Customers
16345,44,2,1178.79,3,2,3,323,Promising
16325,44,17,3470.90,3,4,4,344,Loyal Customers
15320,44,1,267.13,3,1,1,311,Promising
14379,44,4,1265.16,3,3,3,333,Loyal Customers
15835,44,4,954.09,3,3,3,333,Loyal Customers
14598,44,3,221.97,3,2,1,321,Promising
13107,44,15,5109.62,3,4,4,344,Loyal Customers
12371,44,5,3347.38,3,3,4,334,Loyal Customers
12456,44,4,2553.89,3,3,4,334,Loyal Customers
12448,44,1,365.45,3,1,2,312,Promising
16418,44,5,1028.74,3,3,3,333,Loyal Customers
17712,44,1,522.91,3,1,2,312,Promising
15990,44,7,1997.75,3,3,3,333,Loyal Customers
16415,44,3,696.76,3,2,2,322,Promising
14001,45,10,4228.85,3,4,4,344,Loyal Customers
17024,45,3,95.85,3,2,1,321,Promising
16110,45,4,1781.59,3,3,3,333,Loyal Customers
17423,45,5,1084.17,3,3,3,333,Loyal Customers
18079,45,5,4203.93,3,3,4,334,Loyal Customers
15656,45,4,748.50,3,3,2,332,Loyal Customers
18045,45,1,178.34,3,1,1,311,Promising
18147,45,2,179.34,3,2,1,321,Promising
13601,45,4,1159.99,3,3,3,333,Loyal Customers
13481,45,14,3803.09,3,4,4,344,Loyal Customers
15836,45,2,117.47,3,2,1,321,Promising
15158,45,3,437.66,3,2,2,322,Promising
14341,45,20,4428.17,3,4,4,344,Loyal Customers
16258,45,16,11833.52,3,4,4,344,Loyal Customers
17928,45,3,313.16,3,2,1,321,Promising
17917,45,3,335.03,3,2,2,322,Promising
15630,45,4,1475.45,3,3,3,333,Loyal Customers
13652,45,5,2262.05,3,3,4,334,Loyal Customers
13340,45,12,22100.56,3,4,4,344,Loyal Customers
16056,45,1,650.75,3,1,2,312,Promising
13182,45,1,121.18,3,1,1,311,Promising
16708,45,1,656.63,3,1,2,312,Promising
12398,45,1,1435.66,3,1,3,313,Promising
16491,46,3,1524.31,3,2,3,323,Promising
18240,46,1,422.58,3,1,2,312,Promising
13165,46,3,1451.16,3,2,3,323,Promising
17004,46,4,2324.36,3,3,4,334,Loyal Customers
12940,46,4,862.44,3,3,3,333,Loyal Customers
14139,46,4,1086.80,3,3,3,333,Loyal Customers
14145,46,8,7006.05,3,3,4,334,Loyal Customers
16742,46,15,1870.07,3,4,3,343,Loyal Customers
15801,46,4,1042.19,3,3,3,333,Loyal Customers
16023,46,3,719.81,3,2,2,322,Promising
15068,46,4,1174.90,3,3,3,333,Loyal Customers
17344,46,3,443.86,3,2,2,322,Promising
15806,46,3,784.58,3,2,2,322,Promising
14312,46,11,3090.29,3,4,4,344,Loyal Customers
16728,46,4,1048.28,3,2,3,323,Promising
12546,46,3,1001.50,3,2,3,323,Promising
16444,46,20,3558.63,3,4,4,344,Loyal Customers
15592,46,1,388.58,3,1,2,312,Promising
17186,46,2,144.00,3,2,1,321,Promising
15277,46,2,476.34,3,2,2,322,Promising
15142,46,7,2608.97,3,3,4,334,Loyal Customers
12463,46,7,1165.63,3,3,3,333,Loyal Customers
13176,46,1,481.49,3,1,2,312,Promising
14019,46,4,1398.96,3,3,3,333,Loyal Customers
14997,46,5,771.38,3,3,2,332,Loyal Customers
17317,46,5,2524.02,3,3,4,334,Loyal Customers
15844,46,1,130.74,3,1,1,311,Promising
14952,46,43,17347.25,3,4,4,344,Loyal Customers
17111,47,2,459.58,3,2,2,322,Promising
14504,47,4,673.26,3,3,2,332,Loyal Customers
17836,47,1,109.83,3,1,1,311,Promising
16017,47,5,1545.58,3,3,3,333,Loyal Customers
16007,47,7,3053.06,3,3,4,334,Loyal Customers
13598,47,6,749.21,3,3,2,332,Loyal Customers
15000,47,1,490.52,3,1,2,312,Promising
16768,47,14,1637.52,3,4,3,343,Loyal Customers
16686,47,18,4861.72,3,4,4,344,Loyal Customers
14800,47,23,6890.73,3,4,4,344,Loyal Customers
14731,47,3,380.02,3,2,2,322,Promising
15677,49,3,1305.63,3,2,3,323,Promising
13917,49,2,272.04,3,2,1,321,Promising
17940,49,22,28389.58,3,4,4,344,Loyal Customers
13974,49,4,663.52,3,3,2,332,Loyal Customers
15740,49,1,154.88,3,1,1,311,Promising
15728,49,3,409.80,3,2,2,322,Promising
13918,49,2,1212.84,3,2,3,323,Promising
14967,49,7,1982.61,3,3,3,333,Loyal Customers
15321,49,18,6573.40,3,4,4,344,Loyal Customers
17832,49,1,155.37,3,1,1,311,Promising
15286,49,1,240.55,3,1,1,311,Promising
16497,49,23,6695.28,3,4,4,344,Loyal Customers
14147,49,12,2019.30,3,4,3,343,Loyal Customers
16918,49,19,3131.31,3,4,4,344,Loyal Customers
16153,49,13,5047.09,3,4,4,344,Loyal Customers
12403,49,3,947.36,3,2,3,323,Promising
17361,49,5,871.79,3,3,3,333,Loyal Customers
13725,49,11,1809.81,3,4,3,343,Loyal Customers
15819,49,11,3911.28,3,4,4,344,Loyal Customers
13157,49,10,5667.71,3,4,4,344,Loyal Customers
12407,49,5,1507.12,3,3,3,333,Loyal Customers
14638,50,1,443.60,3,1,2,312,Promising
13669,50,3,413.55,3,2,2,322,Promising
15565,50,2,173.16,3,2,1,321,Promising
14261,50,2,1163.45,3,2,3,323,Promising
16846,50,3,842.41,3,2,3,323,Promising
14631,50,7,2023.17,3,3,3,333,Loyal Customers
13245,50,2,989.22,3,2,3,323,Promising
15129,50,23,6860.18,3,4,4,344,Loyal Customers
15664,50,7,1199.53,3,3,3,333,Loyal Customers
18149,50,7,1553.96,3,3,3,333,Loyal Customers
17007,50,8,1107.60,3,4,3,343,Loyal Customers
18252,50,8,1457.19,3,4,3,343,Loyal Customers
12556,50,2,599.56,3,2,2,322,Promising
16099,50,8,1568.25,3,3,3,333,Loyal Customers
14427,50,4,1263.52,3,3,3,333,Loyal Customers
15587,50,7,1522.08,3,3,3,333,Loyal Customers
16260,50,1,1035.45,3,1,3,313,Promising
13366,50,1,56.16,3,1,1,311,Promising
16593,50,9,1051.24,3,4,3,343,Loyal Customers
13761,50,6,1952.17,3,3,3,333,Loyal Customers
16170,50,25,6813.67,3,4,4,344,Loyal Customers
14585,50,5,1143.27,3,3,3,333,Loyal Customers
17169,50,6,1129.88,3,3,3,333,Loyal Customers
17420,50,8,943.68,3,4,3,343,Loyal Customers
17125,50,1,230.50,3,1,1,311,Promising
13136,50,24,6119.75,3,4,4,344,Loyal Customers
17354,50,4,3133.96,3,3,4,334,Loyal Customers
16177,50,12,2141.61,3,4,4,344,Loyal Customers
15754,50,12,3001.86,3,4,4,344,Loyal Customers
14923,50,1,749.10,3,1,2,312,Promising
17092,50,14,5479.76,3,4,4,344,Loyal Customers
15121,50,2,457.72,3,2,2,322,Promising
17764,50,5,1513.57,3,3,3,333,Loyal Customers
13573,50,6,903.07,3,3,3,333,Loyal Customers
15301,50,19,6867.44,3,4,4,344,Loyal Customers
13897,50,3,1160.72,3,2,3,323,Promising
17603,50,11,1671.18,3,4,3,343,Loyal Customers
16394,50,9,1412.06,3,4,3,343,Loyal Customers
15620,50,8,1909.93,3,3,3,333,Loyal Customers
13519,50,3,331.26,3,2,2,322,Promising
14484,50,4,1070.98,3,3,3,333,Loyal Customers
14495,50,4,166.30,3,3,1,331,Low Engagement
15807,50,6,1807.57,3,3,3,333,Loyal Customers
17571,50,5,1629.66,3,3,3,333,Loyal Customers
18228,50,3,769.20,3,2,2,322,Promising
15853,51,1,110.80,3,1,1,311,Promising
15803,51,4,1929.66,3,3,3,333,Loyal Customers
14488,51,2,1047.43,3,2,3,323,Promising
13849,51,6,3443.80,3,3,4,334,Loyal Customers
14306,51,7,3141.50,3,3,4,334,Loyal Customers
17148,51,1,124.88,3,1,1,311,Promising
14776,51,19,3339.02,3,4,4,344,Loyal Customers
15610,51,1,112.46,3,1,1,311,Promising
14273,51,4,559.97,3,3,2,332,Loyal Customers
17462,51,3,662.94,3,2,2,322,Promising
16621,51,4,813.48,3,3,2,332,Loyal Customers
16826,51,1,341.70,3,1,2,312,Promising
14107,51,13,4853.70,3,4,4,344,Loyal Customers
17973,51,1,337.04,3,1,2,312,Promising
16131,51,15,9866.27,3,4,4,344,Loyal Customers
16470,51,12,2411.90,3,4,4,344,Loyal Customers
12596,51,2,450.27,3,2,2,322,Promising
15220,51,7,1758.92,3,3,3,333,Loyal Customers
16123,51,1,307.78,3,1,1,311,Promising
13491,51,27,4467.66,3,4,4,344,Loyal Customers
13422,51,2,2601.55,3,2,4,324,Promising
17824,51,1,298.40,3,1,1,311,Promising
12370,51,7,3956.56,3,3,4,334,Loyal Customers
14175,51,17,7350.44,3,4,4,344,Loyal Customers
14799,51,2,338.15,3,2,2,322,Promising
14229,51,11,2468.99,3,4,4,344,Loyal Customers
14257,51,10,5942.00,3,4,4,344,Loyal Customers
17934,51,3,1049.15,3,2,3,323,Promising
18019,51,1,38.45,3,1,1,311,Promising
12744,51,14,13158.16,3,4,4,344,Loyal Customers
15006,51,2,752.83,3,2,2,322,Promising
15826,51,6,2583.13,3,3,4,334,Loyal Customers
12759,52,8,4618.74,3,3,4,334,Loyal Customers
14639,52,11,4946.81,3,4,4,344,Loyal Customers
12679,52,9,896.67,3,4,3,343,Loyal Customers
15604,52,1,216.39,3,1,1,311,Promising
16734,52,3,646.76,3,2,2,322,Promising
14381,52,2,625.94,3,2,2,322,Promising
14015,52,1,917.34,3,1,3,313,Promising
15140,52,9,3239.44,3,4,4,344,Loyal Customers
16249,52,5,1800.07,3,3,3,333,Loyal Customers
16940,52,11,6245.41,3,4,4,344,Loyal Customers
13594,52,3,508.42,3,2,2,322,Promising
13805,52,2,924.60,3,2,3,323,Promising
13637,52,3,803.05,3,2,2,322,Promising
15327,52,1,208.75,3,1,1,311,Promising
14861,52,14,1318.40,3,4,3,343,Loyal Customers
15678,52,3,1825.94,3,2,3,323,Promising
12863,52,7,2775.55,3,3,4,334,Loyal Customers
12360,52,9,3612.89,3,4,4,344,Loyal Customers
16515,52,10,3179.06,3,4,4,344,Loyal Customers
12611,52,1,1193.32,3,1,3,313,Promising
15637,52,5,797.59,3,3,2,332,Loyal Customers
15505,52,7,3497.14,3,3,4,334,Loyal Customers
17679,52,11,3166.56,3,4,4,344,Loyal Customers
17262,52,11,2488.76,3,4,4,344,Loyal Customers
14798,52,9,715.11,3,4,2,342,Loyal Customers
16730,52,4,702.79,3,3,2,332,Loyal Customers
16848,52,4,1411.62,3,3,3,333,Loyal Customers
16140,52,5,1416.46,3,3,3,333,Loyal Customers
12475,53,2,1065.64,3,2,3,323,Promising
17201,53,5,1117.00,3,3,3,333,Loyal Customers
16389,53,5,1362.27,3,3,3,333,Loyal Customers
13265,53,5,2092.66,3,3,3,333,Loyal Customers
17527,53,6,888.86,3,3,3,333,Loyal Customers
17734,53,6,1442.32,3,3,3,333,Loyal Customers
12794,53,2,860.41,3,2,3,323,Promising
15012,53,3,646.26,3,2,2,322,Promising
17612,53,32,5168.28,3,4,4,344,Loyal Customers
14211,53,26,4301.69,3,4,4,344,Loyal Customers
16412,53,5,593.19,3,3,2,332,Loyal Customers
15335,53,1,170.22,3,1,1,311,Promising
13919,53,5,1218.03,3,3,3,333,Loyal Customers
17520,53,1,546.81,3,1,2,312,Promising
17785,53,3,403.38,3,2,2,322,Promising
17244,53,5,1826.04,3,3,3,333,Loyal Customers
15091,53,6,1023.11,3,3,3,333,Loyal Customers
16737,53,2,835.20,3,2,3,323,Promising
16542,53,2,257.32,3,2,1,321,Promising
16932,53,3,412.55,3,2,2,322,Promising
14443,53,8,2063.65,3,3,3,333,Loyal Customers
13750,53,13,3563.60,3,4,4,344,Loyal Customers
13015,53,14,6459.08,3,4,4,344,Loyal Customers
17534,53,5,1668.83,3,3,3,333,Loyal Customers
12454,53,9,4098.96,3,4,4,344,Loyal Customers
17206,53,1,204.24,3,1,1,311,Promising
18042,53,2,281.15,3,2,1,321,Promising
16652,53,24,17312.83,3,4,4,344,Loyal Customers
17205,53,3,999.35,3,2,3,323,Promising
14830,53,1,188.03,3,1,1,311,Promising
13923,53,1,351.13,3,1,2,312,Promising
14841,53,14,7163.00,3,4,4,344,Loyal Customers
16363,53,1,109.36,3,1,1,311,Promising
16563,53,7,4402.36,3,3,4,334,Loyal Customers
13875,53,14,4814.37,3,4,4,344,Loyal Customers
13760,54,6,1358.64,3,3,3,333,Loyal Customers
13878,54,4,2416.90,3,2,4,324,Promising
16206,54,14,2572.17,3,4,4,344,Loyal Customers
14780,54,2,447.68,3,2,2,322,Promising
16934,54,7,2062.89,3,3,3,333,Loyal Customers
15440,54,3,383.68,3,2,2,322,Promising
15994,54,5,1172.34,3,3,3,333,Loyal Customers
15545,54,2,288.97,3,2,1,321,Promising
13034,54,3,756.82,3,2,2,322,Promising
16052,54,1,362.06,3,1,2,312,Promising
16674,54,2,304.24,3,2,1,321,Promising
16950,56,12,3482.59,3,4,4,344,Loyal Customers
14937,56,4,1617.63,3,3,3,333,Loyal Customers
13006,56,1,81.57,3,1,1,311,Promising
17180,56,14,2216.12,3,4,4,344,Loyal Customers
17892,56,3,244.10,3,2,1,321,Promising
13814,56,5,2239.07,3,3,4,334,Loyal Customers
17986,56,1,20.80,3,1,1,311,Promising
16413,56,2,522.03,3,2,2,322,Promising
16081,56,8,4278.96,3,3,4,334,Loyal Customers
16239,56,7,1450.90,3,3,3,333,Loyal Customers
17771,56,4,386.93,3,3,2,332,Loyal Customers
13213,56,14,3834.62,3,4,4,344,Loyal Customers
14089,56,1,158.75,3,1,1,311,Promising
16224,57,5,1616.54,3,3,3,333,Loyal Customers
15367,57,13,5005.73,3,4,4,344,Loyal Customers
12612,57,2,607.59,3,2,2,322,Promising
17614,57,1,386.32,3,1,2,312,Promising
14975,57,2,472.39,3,2,2,322,Promising
17724,57,4,995.65,3,3,3,333,Loyal Customers
14976,57,8,749.86,3,4,2,342,Loyal Customers
13487,57,5,846.87,3,3,3,333,Loyal Customers
13035,57,4,1328.95,3,3,3,333,Loyal Customers
15272,57,6,2030.95,3,3,3,333,Loyal Customers
12446,57,1,1002.31,3,1,3,313,Promising
16430,57,7,1102.94,3,3,3,333,Loyal Customers
14537,57,3,635.45,3,2,2,322,Promising
16121,57,6,1430.14,3,3,3,333,Loyal Customers
16770,57,11,1746.83,3,4,3,343,Loyal Customers
17509,57,11,6069.24,3,4,4,344,Loyal Customers
16793,57,1,243.84,3,1,1,311,Promising
12876,57,5,3738.59,3,3,4,334,Loyal Customers
13930,57,2,337.34,3,2,2,322,Promising
13858,57,1,216.17,3,1,1,311,Promising
18160,57,3,1003.88,3,2,3,323,Promising
15606,57,19,4733.47,3,4,4,344,Loyal Customers
17181,57,3,309.85,3,2,1,321,Promising
14624,57,6,814.07,3,3,2,332,Loyal Customers
14421,57,7,2456.62,3,3,4,334,Loyal Customers
17279,57,1,187.83,3,1,1,311,Promising
13911,57,22,4200.04,3,4,4,344,Loyal Customers
13827,57,3,409.80,3,2,2,322,Promising
12631,57,7,3292.27,3,3,4,334,Loyal Customers
16773,57,3,421.24,3,2,2,322,Promising
14555,57,7,2294.88,3,3,4,334,Loyal Customers
18171,58,11,2414.51,3,4,4,344,Loyal Customers
15281,58,22,8317.62,3,4,4,344,Loyal Customers
12908,58,7,1386.00,3,3,3,333,Loyal Customers
14541,58,14,2491.38,3,4,4,344,Loyal Customers
14775,58,3,1011.90,3,2,3,323,Promising
16203,58,7,940.09,3,3,3,333,Loyal Customers
15831,58,4,740.64,3,3,2,332,Loyal Customers
12667,58,1,460.13,3,1,2,312,Promising
17190,58,8,1529.73,3,4,3,343,Loyal Customers
17913,58,14,3425.09,3,4,4,344,Loyal Customers
18277,58,8,1159.35,3,4,3,343,Loyal Customers
15840,58,3,345.66,3,2,2,322,Promising
13842,58,19,5294.39,3,4,4,344,Loyal Customers
12457,58,14,2032.31,3,4,3,343,Loyal Customers
16753,58,1,223.92,3,1,1,311,Promising
12602,58,1,153.12,3,1,1,311,Promising
13865,58,4,501.56,3,3,2,332,Loyal Customers
13520,58,15,5337.25,3,4,4,344,Loyal Customers
14642,58,1,96.12,3,1,1,311,Promising
17064,58,3,855.45,3,2,3,323,Promising
14761,58,3,447.92,3,2,2,322,Promising
15421,58,10,3805.34,3,4,4,344,Loyal Customers
12633,58,10,5073.21,3,4,4,344,Loyal Customers
17489,58,2,376.64,3,2,2,322,Promising
13464,58,7,3083.89,3,3,4,334,Loyal Customers
12607,58,2,0.00,3,2,1,321,Promising
13208,58,10,1951.82,3,4,3,343,Loyal Customers
14852,58,21,6108.88,3,4,4,344,Loyal Customers
12824,59,1,397.12,3,1,2,312,Promising
16086,59,11,2685.65,3,4,4,344,Loyal Customers
14535,59,11,5803.79,3,4,4,344,Loyal Customers
13627,59,10,2217.55,3,4,4,344,Loyal Customers
14857,59,10,3578.93,3,4,4,344,Loyal Customers
12836,59,17,6520.58,3,4,4,344,Loyal Customers
13359,59,4,901.96,3,3,3,333,Loyal Customers
16136,59,5,921.08,3,3,3,333,Loyal Customers
15199,59,10,3122.40,3,4,4,344,Loyal Customers
13690,59,1,172.25,3,1,1,311,Promising
14959,59,5,684.97,3,3,2,332,Loyal Customers
16861,59,6,928.89,3,3,3,333,Loyal Customers
15706,59,7,1001.81,3,3,3,333,Loyal Customers
12530,59,12,3329.86,3,4,4,344,Loyal Customers
12772,59,1,752.47,3,1,2,312,Promising
13283,59,4,373.36,3,3,2,332,Loyal Customers
17863,59,12,5360.48,3,4,4,344,Loyal Customers
17620,59,1,81.44,3,1,1,311,Promising
13517,59,5,2109.07,3,3,3,333,Loyal Customers
16171,59,1,73.20,3,1,1,311,Promising
16120,59,7,2952.51,3,3,4,334,Loyal Customers
16982,60,1,384.06,3,1,2,312,Promising
15553,60,1,428.93,3,1,2,312,Promising
13473,60,10,2410.98,3,4,4,344,Loyal Customers
17214,60,7,974.12,3,3,3,333,Loyal Customers
17025,60,5,1349.67,3,3,3,333,Loyal Customers
13224,60,3,2147.85,3,2,4,324,Promising
14451,60,18,3215.50,3,4,4,344,Loyal Customers
15211,60,2,894.41,3,2,3,323,Promising
17284,60,11,2547.70,3,4,4,344,Loyal Customers
16179,60,1,215.83,3,1,1,311,Promising
14529,60,3,578.61,3,2,2,322,Promising
15193,60,1,499.32,3,1,2,312,Promising
15128,60,9,1735.93,3,4,3,343,Loyal Customers
13666,60,5,127.05,3,3,1,331,Low Engagement
14356,60,4,666.94,3,3,2,332,Loyal Customers
15304,60,11,782.30,3,4,2,342,Loyal Customers
17648,60,6,2208.42,3,3,4,334,Loyal Customers
16385,60,5,881.35,3,3,3,333,Loyal Customers
13373,60,6,7587.19,3,3,4,334,Loyal Customers
18126,60,1,198.58,3,1,1,311,Promising
16395,60,17,3438.66,3,4,4,344,Loyal Customers
18169,60,1,202.65,3,1,1,311,Promising
13980,60,9,722.02,3,4,2,342,Loyal Customers
14027,60,1,104.82,3,1,1,311,Promising
14128,60,4,909.36,3,3,3,333,Loyal Customers
14665,60,9,2172.33,3,4,4,344,Loyal Customers
17589,60,21,13661.22,3,4,4,344,Loyal Customers
15886,60,4,1052.87,3,3,3,333,Loyal Customers
14201,60,12,1134.14,3,4,3,343,Loyal Customers
16776,60,2,592.51,3,2,2,322,Promising
14514,61,10,4375.79,3,4,4,344,Loyal Customers
16380,61,1,1743.15,3,1,3,313,Promising
16595,61,5,1757.75,3,3,3,333,Loyal Customers
16685,61,2,324.24,3,2,2,322,Promising
18088,61,1,166.03,3,1,1,311,Promising
14801,61,1,189.34,3,1,1,311,Promising
16518,61,6,938.27,3,3,3,333,Loyal Customers
13259,61,9,1398.79,3,4,3,343,Loyal Customers
16104,61,11,2511.21,3,4,4,344,Loyal Customers
13260,61,1,557.62,3,1,2,312,Promising
13193,61,1,112.08,3,1,1,311,Promising
16248,61,1,152.94,3,1,1,311,Promising
16921,61,3,409.21,3,2,2,322,Promising
15756,61,4,528.01,3,3,2,332,Loyal Customers
13763,63,6,5181.99,3,3,4,334,Loyal Customers
12492,63,3,607.21,3,2,2,322,Promising
14029,63,2,467.66,3,2,2,322,Promising
12885,63,4,1158.27,3,3,3,333,Loyal Customers
12420,63,1,600.39,3,1,2,312,Promising
17030,63,1,146.87,3,1,1,311,Promising
16455,63,13,3917.92,3,4,4,344,Loyal Customers
13876,63,1,122.70,3,1,1,311,Promising
15874,63,25,11135.00,3,4,4,344,Loyal Customers
13419,63,1,221.06,3,1,1,311,Promising
15815,63,5,2100.60,3,3,3,333,Loyal Customers
14067,63,2,374.70,3,2,2,322,Promising
14462,63,16,2204.69,3,4,4,344,Loyal Customers
13806,63,1,256.38,3,1,1,311,Promising
13689,63,2,1259.50,3,2,3,323,Promising
14844,63,12,6688.43,3,4,4,344,Loyal Customers
13276,63,7,1871.21,3,3,3,333,Loyal Customers
16477,63,11,4094.37,3,4,4,344,Loyal Customers
12394,63,2,1080.48,3,2,3,323,Promising
16354,63,5,1119.46,3,3,3,333,Loyal Customers
18136,63,9,1531.71,3,4,3,343,Loyal Customers
14792,63,2,0.00,3,2,1,321,Promising
13169,63,3,840.08,3,2,3,323,Promising
12519,63,3,595.19,3,2,2,322,Promising
12740,63,1,427.60,3,1,2,312,Promising
13771,64,10,5726.07,3,4,4,344,Loyal Customers
15264,64,3,844.20,3,2,3,323,Promising
13279,64,2,126.30,3,2,1,321,Promising
15306,64,10,3480.98,3,4,4,344,Loyal Customers
14538,64,5,1370.84,3,3,3,333,Loyal Customers
14501,64,3,190.31,3,2,1,321,Promising
13055,64,6,2292.51,3,3,4,334,Loyal Customers
13023,64,3,1251.03,3,2,3,323,Promising
16909,64,2,364.14,3,2,2,322,Promising
12923,64,3,769.17,3,2,2,322,Promising
15766,64,4,799.66,3,3,2,332,Loyal Customers
15416,64,9,4562.87,3,4,4,344,Loyal Customers
15315,64,3,551.54,3,2,2,322,Promising
17921,64,12,2354.21,3,4,4,344,Loyal Customers
15841,64,12,2716.50,3,4,4,344,Loyal Customers
14317,64,1,508.58,3,1,2,312,Promising
15300,64,1,496.44,3,1,2,312,Promising
14333,64,2,351.45,3,2,2,322,Promising
13049,64,5,1384.14,3,3,3,333,Loyal Customers
18194,64,7,4084.20,3,3,4,334,Loyal Customers
13602,64,4,1025.17,3,3,3,333,Loyal Customers
14819,64,4,456.41,3,3,2,332,Loyal Customers
16895,64,5,1102.90,3,3,3,333,Loyal Customers
14557,64,2,0.00,3,2,1,321,Promising
13177,64,2,512.20,3,2,2,322,Promising
16842,64,4,1260.44,3,3,3,333,Loyal Customers
13591,64,8,2081.19,3,3,3,333,Loyal Customers
13845,64,1,312.98,3,1,1,311,Promising
13504,64,1,295.93,3,1,1,311,Promising
16432,64,1,287.40,3,1,1,311,Promising
15837,64,2,777.01,3,2,2,322,Promising
16160,64,4,1009.45,3,3,3,333,Loyal Customers
13348,64,1,233.76,3,1,1,311,Promising
16316,64,19,5533.31,3,4,4,344,Loyal Customers
16462,64,4,102.00,3,3,1,331,Low Engagement
12939,64,20,25264.80,3,4,4,344,Loyal Customers
16184,64,7,1155.54,3,3,3,333,Loyal Customers
16875,64,20,4053.20,3,4,4,344,Loyal Customers
12703,64,7,802.18,3,3,2,332,Loyal Customers
14518,64,1,174.37,3,1,1,311,Promising
15518,64,23,4081.59,3,4,4,344,Loyal Customers
15322,64,3,1314.15,3,2,3,323,Promising
15937,64,1,145.35,3,1,1,311,Promising
13317,64,31,6068.53,3,4,4,344,Loyal Customers
15048,65,5,377.52,3,3,2,332,Loyal Customers
12843,65,34,6219.07,3,4,4,344,Loyal Customers
13483,65,1,140.34,3,1,1,311,Promising
15730,65,7,1708.18,3,3,3,333,Loyal Customers
16106,65,1,108.38,3,1,1,311,Promising
18033,65,1,93.82,3,1,1,311,Promising
17483,65,4,591.73,3,3,2,332,Loyal Customers
17647,65,3,331.66,3,2,2,322,Promising
14054,65,1,92.46,3,1,1,311,Promising
16040,65,8,2383.70,3,3,4,334,Loyal Customers
13947,65,1,90.60,3,1,1,311,Promising
17222,65,6,1563.61,3,3,3,333,Loyal Customers
16803,65,1,332.30,3,1,2,312,Promising
16758,65,1,369.34,3,1,2,312,Promising
15244,65,4,850.18,3,3,3,333,Loyal Customers
13989,65,5,2026.06,3,3,3,333,Loyal Customers
14396,65,7,1969.38,3,3,3,333,Loyal Customers
17382,65,8,902.28,3,4,3,343,Loyal Customers
16059,65,12,3053.57,3,4,4,344,Loyal Customers
15127,65,2,711.50,3,2,2,322,Promising
15757,65,6,2940.36,3,3,4,334,Loyal Customers
15762,65,2,583.75,3,2,2,322,Promising
12789,65,3,225.35,3,2,1,321,Promising
17957,66,1,110.72,3,1,1,311,Promising
15228,66,7,5570.52,3,3,4,334,Loyal Customers
12512,66,2,132.18,3,2,1,321,Promising
13552,66,32,6588.63,3,4,4,344,Loyal Customers
15181,66,8,957.65,3,3,3,333,Loyal Customers
15276,66,5,601.30,3,3,2,332,Loyal Customers
16556,66,24,7610.23,3,4,4,344,Loyal Customers
13792,66,3,383.95,3,2,2,322,Promising
15241,66,12,3032.31,3,4,4,344,Loyal Customers
15255,66,11,3647.37,3,4,4,344,Loyal Customers
18053,66,6,527.77,3,3,2,332,Loyal Customers
12413,66,6,861.50,3,3,3,333,Loyal Customers
16881,66,1,432.00,3,1,2,312,Promising
15739,66,1,449.12,3,1,2,312,Promising
14184,66,1,452.89,3,1,2,312,Promising
16882,66,3,705.12,3,2,2,322,Promising
15339,66,11,1627.27,3,4,3,343,Loyal Customers
16374,66,5,1709.55,3,3,3,333,Loyal Customers
13351,66,1,323.94,3,1,2,312,Promising
13801,66,1,324.80,3,1,2,312,Promising
17667,66,12,3883.80,3,4,4,344,Loyal Customers
13364,66,2,0.00,3,2,1,321,Promising
18116,67,13,2130.89,3,4,3,343,Loyal Customers
15299,67,15,5550.52,3,4,4,344,Loyal Customers
12637,67,14,8071.16,3,4,4,344,Loyal Customers
15930,67,1,426.63,3,1,2,312,Promising
13431,67,9,3289.24,3,4,4,344,Loyal Customers
14651,67,9,2025.52,3,4,3,343,Loyal Customers
16774,67,9,1560.88,3,4,3,343,Loyal Customers
13505,67,8,3522.88,3,4,4,344,Loyal Customers
14193,67,3,1210.19,3,2,3,323,Promising
12886,67,3,1351.09,3,2,3,323,Promising
13635,67,6,2948.22,3,3,4,334,Loyal Customers
13344,67,3,2511.69,3,2,4,324,Promising
16183,67,4,1077.81,3,3,3,333,Loyal Customers
16441,67,6,1002.23,3,3,3,333,Loyal Customers
15164,68,10,2011.21,3,4,3,343,Loyal Customers
16667,68,2,567.18,3,2,2,322,Promising
14970,68,16,3593.40,3,4,4,344,Loyal Customers
16591,68,1,213.50,3,1,1,311,Promising
16693,68,5,1179.48,3,3,3,333,Loyal Customers
15774,68,7,1287.09,3,3,3,333,Loyal Customers
15579,68,7,1215.38,3,3,3,333,Loyal Customers
16613,70,1,618.59,3,1,2,312,Promising
13092,70,15,2007.33,3,4,3,343,Loyal Customers
13972,70,2,190.25,3,2,1,321,Promising
12694,70,4,1659.45,3,3,3,333,Loyal Customers
17376,70,4,453.64,3,3,2,332,Loyal Customers
13764,70,6,2908.67,3,3,4,334,Loyal Customers
14164,70,2,1631.77,3,2,3,323,Promising
17506,70,2,294.29,3,2,1,321,Promising
15593,70,1,199.80,3,1,1,311,Promising
13347,70,1,291.36,3,1,1,311,Promising
16404,70,2,430.30,3,2,2,322,Promising
12842,70,4,1917.99,3,3,3,333,Loyal Customers
13095,70,1,74.40,3,1,1,311,Promising
18008,70,23,19759.08,3,4,4,344,Loyal Customers
15834,70,9,3613.04,3,4,4,344,Loyal Customers
13320,70,9,2144.45,3,4,4,344,Loyal Customers
14916,70,11,2888.21,3,4,4,344,Loyal Customers
12822,70,3,918.98,3,2,3,323,Promising
15185,70,1,310.62,3,1,1,311,Promising
16589,71,4,612.36,3,3,2,332,Loyal Customers
16268,71,2,617.65,3,2,2,322,Promising
17427,71,1,100.80,3,1,1,311,Promising
14409,71,10,3276.09,3,4,4,344,Loyal Customers
12458,71,4,1502.49,3,3,3,333,Loyal Customers
17572,71,10,652.21,3,4,2,342,Loyal Customers
14475,71,7,1025.12,3,3,3,333,Loyal Customers
13741,71,4,666.33,3,3,2,332,Loyal Customers
14305,71,5,1803.76,3,3,3,333,Loyal Customers
12372,71,3,1196.04,3,2,3,323,Promising
18235,71,3,1796.48,3,2,3,323,Promising
16574,71,3,1301.78,3,2,3,323,Promising
18192,71,1,957.97,3,1,3,313,Promising
12728,71,5,926.17,3,3,3,333,Loyal Customers
16233,71,12,1678.26,3,4,3,343,Loyal Customers
13503,71,12,1706.79,3,4,3,343,Loyal Customers
15030,71,9,1967.16,3,4,3,343,Loyal Customers
17894,71,20,2248.44,3,4,4,344,Loyal Customers
12718,71,1,202.25,3,1,1,311,Promising
13354,71,1,743.53,3,1,2,312,Promising
16650,71,7,1916.11,3,3,3,333,Loyal Customers
15175,71,1,224.14,3,1,1,311,Promising
18204,71,4,1960.95,3,3,3,333,Loyal Customers
13886,71,1,243.56,3,1,1,311,Promising
17819,71,13,5977.25,3,4,4,344,Loyal Customers
17905,71,14,2159.07,3,4,4,344,Loyal Customers
15062,71,8,2585.62,3,4,4,344,Loyal Customers
14681,71,6,875.15,3,3,3,333,Loyal Customers
14609,72,11,1366.20,3,4,3,343,Loyal Customers
16321,72,10,265.50,3,4,1,341,Low Engagement
16681,72,7,1921.84,3,3,3,333,Loyal Customers
17513,72,3,1158.80,3,2,3,323,Promising
17783,72,3,376.96,3,2,2,322,Promising
16182,72,9,9971.65,3,4,4,344,Loyal Customers
13061,72,1,248.61,3,1,1,311,Promising
12566,72,2,292.70,3,2,1,321,Promising
13901,72,20,5599.34,3,4,4,344,Loyal Customers
13515,72,6,1265.82,3,3,3,333,Loyal Customers
16281,72,4,3416.52,3,3,4,334,Loyal Customers
17950,72,8,1156.21,3,4,3,343,Loyal Customers
18242,72,8,3605.21,3,3,4,334,Loyal Customers
14978,72,12,3076.39,3,4,4,344,Loyal Customers
17370,72,4,446.18,3,3,2,332,Loyal Customers
18265,72,2,801.51,3,2,2,322,Promising
13397,72,13,3103.07,3,4,4,344,Loyal Customers
13321,72,2,567.36,3,2,2,322,Promising
14934,72,9,2471.07,3,4,4,344,Loyal Customers
15036,72,3,429.56,3,2,2,322,Promising
13134,72,9,2422.28,3,4,4,344,Loyal Customers
15348,72,1,158.04,3,1,1,311,Promising
14947,72,6,1049.79,3,3,3,333,Loyal Customers
12393,72,7,2376.75,3,3,4,334,Loyal Customers
16493,72,9,2110.12,3,4,3,343,Loyal Customers
15827,73,42,3247.09,3,4,4,344,Loyal Customers
13555,73,16,8798.99,3,4,4,344,Loyal Customers
17591,73,9,2328.37,3,4,4,344,Loyal Customers
14272,73,4,920.81,3,3,3,333,Loyal Customers
14101,73,14,9942.13,3,4,4,344,Loyal Customers
15674,73,18,6217.85,3,4,4,344,Loyal Customers
13514,73,4,815.90,3,3,2,332,Loyal Customers
16266,73,14,1757.95,3,4,3,343,Loyal Customers
12987,73,6,1298.51,3,3,3,333,Loyal Customers
16629,73,2,408.63,3,2,2,322,Promising
17656,73,5,1674.69,3,3,3,333,Loyal Customers
13979,73,11,3284.23,3,4,4,344,Loyal Customers
16573,73,4,648.41,3,3,2,332,Loyal Customers
17002,73,8,2565.60,3,4,4,344,Loyal Customers
16122,73,6,895.62,3,3,3,333,Loyal Customers
12579,73,3,374.72,3,2,2,322,Promising
17061,73,12,5116.13,3,4,4,344,Loyal Customers
17788,73,2,1112.95,3,2,3,323,Promising
17805,73,2,927.03,3,2,3,323,Promising
16181,73,1,305.54,3,1,1,311,Promising
17480,73,3,876.92,3,2,3,323,Promising
18278,73,2,414.20,3,2,2,322,Promising
14818,73,6,1153.56,3,3,3,333,Loyal Customers
13016,73,3,789.89,3,2,2,322,Promising
12455,73,10,5722.95,3,4,4,344,Loyal Customers
14473,74,2,234.34,3,2,1,321,Promising
14908,74,2,381.90,3,2,2,322,Promising
16383,74,9,2828.94,3,4,4,344,Loyal Customers
13390,74,1,544.08,3,1,2,312,Promising
16603,74,2,482.47,3,2,2,322,Promising
16468,74,3,787.52,3,2,2,322,Promising
17674,74,2,551.04,3,1,2,312,Promising
13639,74,2,1346.27,3,2,3,323,Promising
12412,74,8,2389.03,3,3,4,334,Loyal Customers
17172,74,6,915.49,3,3,3,333,Loyal Customers
13434,74,5,1666.86,3,3,3,333,Loyal Customers
15154,74,4,1314.17,3,3,3,333,Loyal Customers
15243,74,2,927.28,3,2,3,323,Promising
15626,74,4,1049.37,3,3,3,333,Loyal Customers
13927,74,3,689.96,3,2,2,322,Promising
17997,74,12,1520.47,3,4,3,343,Loyal Customers
16778,74,2,245.94,3,2,1,321,Promising
12823,74,18,6501.50,3,4,4,344,Loyal Customers
13233,74,4,1176.46,3,3,3,333,Loyal Customers
15958,74,4,462.12,3,3,2,332,Loyal Customers
13866,74,1,145.67,3,1,1,311,Promising
13405,74,9,1181.56,3,4,3,343,Loyal Customers
13787,75,9,1173.70,3,4,3,343,Loyal Customers
18066,75,3,1440.40,3,2,3,323,Promising
12348,75,5,1658.40,3,3,3,333,Loyal Customers
16342,75,4,322.41,3,3,2,332,Loyal Customers
14561,75,3,1080.76,3,2,3,323,Promising
15366,75,7,2389.08,3,3,4,334,Loyal Customers
16594,75,1,181.09,3,1,1,311,Promising
16689,75,3,355.10,3,2,2,322,Promising
17498,75,1,272.22,3,1,1,311,Promising
17154,75,1,329.34,3,1,2,312,Promising
12545,75,2,832.39,3,2,3,323,Promising
15312,75,14,2916.49,3,4,4,344,Loyal Customers
13670,75,1,349.70,3,1,2,312,Promising
14757,75,1,420.50,3,1,2,312,Promising
18155,75,4,347.82,3,3,2,332,Loyal Customers
16480,75,1,769.29,3,1,2,312,Promising
16198,75,2,1030.04,3,2,3,323,Promising
14152,75,9,1975.44,3,4,3,343,Loyal Customers
14806,75,2,303.43,3,2,1,321,Promising
15799,75,4,1421.34,3,3,3,333,Loyal Customers
17388,77,11,2675.37,3,4,4,344,Loyal Customers
12516,77,4,2288.62,3,3,4,334,Loyal Customers
15978,77,5,3272.62,3,3,4,334,Loyal Customers
15549,77,9,2292.91,3,4,4,344,Loyal Customers
15744,77,1,34.80,3,1,1,311,Promising
13127,77,1,259.17,3,1,1,311,Promising
15475,77,1,454.11,3,1,2,312,Promising
14014,77,3,1948.21,3,2,3,323,Promising
12995,77,2,200.72,3,2,1,321,Promising
18189,77,5,1396.58,3,3,3,333,Loyal Customers
14652,77,1,114.18,3,1,1,311,Promising
16485,77,7,2130.19,3,3,3,333,Loyal Customers
16978,77,3,768.88,3,2,2,322,Promising
16872,77,6,1213.13,3,3,3,333,Loyal Customers
14880,77,3,690.59,3,2,2,322,Promising
13336,77,1,795.12,3,1,2,312,Promising
15075,77,1,773.03,3,1,2,312,Promising
13529,78,2,307.76,3,2,1,321,Promising
12854,78,11,2899.32,3,4,4,344,Loyal Customers
15201,78,14,1525.90,3,4,3,343,Loyal Customers
16236,78,1,432.20,3,1,2,312,Promising
12409,78,13,23090.47,3,4,4,344,Loyal Customers
15810,78,13,2724.80,3,4,4,344,Loyal Customers
13220,78,5,1336.09,3,3,3,333,Loyal Customers
12930,78,4,409.90,3,3,2,332,Loyal Customers
17037,78,2,1253.22,3,2,3,323,Promising
12425,78,3,1680.81,3,2,3,323,Promising
15067,78,6,3850.13,3,3,4,334,Loyal Customers
16715,78,2,625.52,3,2,2,322,Promising
14854,78,14,4282.37,3,4,4,344,Loyal Customers
16984,78,19,10206.40,3,4,4,344,Loyal Customers
12609,78,10,3021.86,3,4,4,344,Loyal Customers
13486,78,3,1122.41,3,2,3,323,Promising
12739,78,4,2421.23,3,3,4,334,Loyal Customers
17079,78,1,118.80,3,1,1,311,Promising
16213,78,1,159.00,3,1,1,311,Promising
15603,78,3,74.73,3,2,1,321,Promising
14038,78,8,3000.93,3,4,4,344,Loyal Customers
17027,78,10,1268.93,3,4,3,343,Loyal Customers
17460,78,21,1937.10,3,4,3,343,Loyal Customers
17311,78,7,3490.66,3,3,4,334,Loyal Customers
16735,78,22,5578.86,3,4,4,344,Loyal Customers
14951,79,1,311.69,3,1,1,311,Promising
14887,79,1,1862.00,3,1,3,313,Promising
12604,79,2,236.18,3,2,1,321,Promising
15433,79,3,417.87,3,2,2,322,Promising
12701,79,6,2248.41,3,3,4,334,Loyal Customers
17415,79,1,507.84,3,1,2,312,Promising
17475,79,1,194.37,3,1,1,311,Promising
12520,79,6,2294.51,3,3,4,334,Loyal Customers
13959,79,6,1064.77,3,3,3,333,Loyal Customers
12550,79,1,824.83,3,1,3,313,Promising
13908,79,5,2297.05,3,3,4,334,Loyal Customers
12435,79,6,13925.93,3,3,4,334,Loyal Customers
13946,79,7,1745.43,3,3,3,333,Loyal Customers
17731,79,7,1347.08,3,3,3,333,Loyal Customers
12390,79,1,504.84,3,1,2,312,Promising
15888,79,4,396.45,3,3,2,332,Loyal Customers
16627,79,1,322.80,3,1,2,312,Promising
16215,80,1,242.35,3,1,1,311,Promising
16584,80,7,3077.97,3,3,4,334,Loyal Customers
14236,80,7,1543.44,3,3,3,333,Loyal Customers
16928,80,33,3678.43,3,4,4,344,Loyal Customers
15026,80,5,1044.09,3,3,3,333,Loyal Customers
16624,80,2,810.57,3,2,2,322,Promising
16777,80,6,1261.43,3,3,3,333,Loyal Customers
13356,80,1,768.24,3,1,2,312,Promising
15341,80,3,2401.02,3,2,4,324,Promising
13038,80,3,908.46,3,2,3,323,Promising
17873,80,20,5849.63,3,4,4,344,Loyal Customers
17628,81,1,75.75,3,1,1,311,Promising
17058,81,3,1179.89,3,2,3,323,Promising
16527,81,2,1232.94,3,2,3,323,Promising
16906,81,7,1410.07,3,3,3,333,Loyal Customers
16428,81,4,635.54,3,3,2,332,Loyal Customers
12752,81,1,4366.78,3,1,4,314,Promising
15764,81,14,4453.28,3,4,4,344,Loyal Customers
12497,81,4,5996.50,3,3,4,334,Loyal Customers
16080,81,6,472.90,3,3,2,332,Loyal Customers
12527,81,5,717.51,3,3,2,332,Loyal Customers
12379,81,5,1468.27,3,3,3,333,Loyal Customers
16211,81,4,1086.34,3,3,3,333,Loyal Customers
18094,81,15,6322.62,3,4,4,344,Loyal Customers
13562,81,8,4838.18,3,3,4,334,Loyal Customers
13375,81,3,1786.48,3,2,3,323,Promising
13228,81,1,358.00,3,1,2,312,Promising
17848,81,31,3525.71,3,4,4,344,Loyal Customers
18232,81,5,582.47,3,3,2,332,Loyal Customers
18017,81,4,688.00,3,3,2,332,Loyal Customers
15504,81,5,381.50,3,3,2,332,Loyal Customers
13325,81,1,675.30,3,1,2,312,Promising
13774,81,1,345.00,3,1,2,312,Promising
15675,81,4,542.04,3,3,2,332,Loyal Customers
13334,82,6,6195.05,3,3,4,334,Loyal Customers
13067,82,3,508.51,3,2,2,322,Promising
17802,82,16,4808.94,3,4,4,344,Loyal Customers
16370,82,4,1301.91,3,3,3,333,Loyal Customers
15947,82,1,1708.24,3,1,3,313,Promising
15099,84,1,410.48,3,1,2,312,Promising
12513,84,2,532.79,3,2,2,322,Promising
15410,84,10,4685.72,3,4,4,344,Loyal Customers
14177,84,14,2204.74,3,4,4,344,Loyal Customers
16108,84,8,2171.93,3,3,4,334,Loyal Customers
12434,84,5,1062.48,3,3,3,333,Loyal Customers
12871,84,3,744.02,3,2,2,322,Promising
15523,84,18,17119.24,3,4,4,344,Loyal Customers
15975,84,1,371.01,3,1,2,312,Promising
16709,84,14,9056.01,3,4,4,344,Loyal Customers
13563,84,2,777.53,3,2,2,322,Promising
14124,84,1,419.58,3,1,2,312,Promising
13141,84,21,7524.13,3,4,4,344,Loyal Customers
12722,85,6,886.33,3,3,3,333,Loyal Customers
17898,85,4,299.18,3,3,1,331,Low Engagement
15122,85,16,4451.22,3,4,4,344,Loyal Customers
17594,85,4,2497.88,3,3,4,334,Loyal Customers
15205,85,3,653.24,3,2,2,322,Promising
13662,85,17,2166.63,3,4,4,344,Loyal Customers
17333,85,1,494.25,3,1,2,312,Promising
13539,85,9,1531.26,3,4,3,343,Loyal Customers
15417,85,1,508.80,3,1,2,312,Promising
14915,85,13,1752.65,3,4,3,343,Loyal Customers
13518,85,1,627.16,3,1,2,312,Promising
17846,85,1,0.00,3,1,1,311,Promising
14105,85,9,5703.98,3,4,4,344,Loyal Customers
13931,85,12,5250.78,3,4,4,344,Loyal Customers
14420,85,7,1627.72,3,3,3,333,Loyal Customers
15466,85,4,1560.46,3,3,3,333,Loyal Customers
17047,85,6,2289.23,3,3,4,334,Loyal Customers
12616,85,7,937.35,3,3,3,333,Loyal Customers
14894,85,5,1412.21,3,3,3,333,Loyal Customers
16048,85,6,800.09,3,3,2,332,Loyal Customers
17786,85,2,266.85,3,2,1,321,Promising
16745,86,18,7157.10,3,4,4,344,Loyal Customers
17640,86,8,3107.59,3,4,4,344,Loyal Customers
17033,86,4,1332.79,3,3,3,333,Loyal Customers
14660,86,2,285.74,3,2,1,321,Promising
18173,86,5,2696.36,3,3,4,334,Loyal Customers
12756,86,1,112.08,3,1,1,311,Promising
13877,86,5,446.33,3,3,2,332,Loyal Customers
17347,86,1,228.96,3,1,1,311,Promising
16098,87,14,4010.70,3,4,4,344,Loyal Customers
15343,87,1,364.50,3,1,2,312,Promising
16036,87,4,2556.84,3,3,4,334,Loyal Customers
14163,87,5,2594.62,3,3,4,334,Loyal Customers
14753,87,2,869.51,3,2,3,323,Promising
18251,87,9,26278.86,3,4,4,344,Loyal Customers
16451,87,4,1009.40,3,3,3,333,Loyal Customers
15216,87,2,486.09,3,2,2,322,Promising
16959,87,1,117.35,3,1,1,311,Promising
16229,87,7,2835.36,3,3,4,334,Loyal Customers
17433,88,2,569.96,3,2,2,322,Promising
14307,88,11,4279.97,3,4,4,344,Loyal Customers
16475,88,4,544.30,3,3,2,332,Loyal Customers
16141,88,2,955.94,3,2,3,323,Promising
14500,88,3,356.85,3,2,2,322,Promising
17919,88,2,1840.32,3,2,3,323,Promising
16209,88,9,4146.78,3,4,4,344,Loyal Customers
13850,88,2,1586.81,3,2,3,323,Promising
15996,88,8,1370.50,3,3,3,333,Loyal Customers
14276,88,13,1933.73,3,4,3,343,Loyal Customers
12884,88,1,309.05,3,1,1,311,Promising
12924,88,14,2415.20,3,4,4,344,Loyal Customers
15673,88,10,6199.37,3,4,4,344,Loyal Customers
15980,88,9,6496.28,3,4,4,344,Loyal Customers
14212,89,2,2190.14,3,2,4,324,Promising
18255,89,2,303.15,3,2,1,321,Promising
15636,89,4,1444.58,3,2,3,323,Promising
16384,89,4,1358.95,3,3,3,333,Loyal Customers
18215,89,6,2223.99,3,3,4,334,Loyal Customers
13124,89,4,4641.66,3,3,4,334,Loyal Customers
14837,89,12,3445.82,3,4,4,344,Loyal Customers
12965,89,1,769.81,3,1,2,312,Promising
13611,89,14,3259.43,3,4,4,344,Loyal Customers
13372,89,1,328.64,3,1,2,312,Promising
16796,89,1,305.62,3,1,1,311,Promising
12635,89,4,2624.41,3,3,4,334,Loyal Customers
15035,89,1,252.73,3,1,1,311,Promising
15939,89,17,8992.09,3,4,4,344,Loyal Customers
12535,91,2,716.35,3,2,2,322,Promising
14628,91,5,1998.00,3,3,3,333,Loyal Customers
14210,91,21,5509.37,3,4,4,344,Loyal Customers
16723,91,4,1231.36,3,3,3,333,Loyal Customers
15652,91,6,1397.44,3,3,3,333,Loyal Customers
16309,91,3,686.67,3,2,2,322,Promising
16027,91,18,1882.34,3,4,3,343,Loyal Customers
14414,91,9,2387.48,3,4,4,344,Loyal Customers
13441,91,2,720.90,3,2,2,322,Promising
13330,92,6,2796.10,3,3,4,334,Loyal Customers
15653,92,2,877.44,3,2,3,323,Promising
18222,92,1,443.00,3,1,2,312,Promising
13848,92,8,3015.00,3,4,4,344,Loyal Customers
13889,92,8,1855.73,3,4,3,343,Loyal Customers
13244,92,1,121.74,3,1,1,311,Promising
12592,92,8,1723.64,3,3,3,333,Loyal Customers
15400,92,9,1252.80,3,4,3,343,Loyal Customers
16031,92,2,547.90,3,2,2,322,Promising
15885,92,20,1707.57,3,4,3,343,Loyal Customers
13249,92,9,1608.93,3,4,3,343,Loyal Customers
14223,92,4,975.23,3,3,3,333,Loyal Customers
15488,92,5,431.92,3,3,2,332,Loyal Customers
15198,92,6,559.45,3,3,2,332,Loyal Customers
15071,93,4,1455.56,3,3,3,333,Loyal Customers
18093,93,9,4429.61,3,4,4,344,Loyal Customers
13210,93,1,353.48,3,1,2,312,Promising
16828,93,2,113.50,3,2,1,321,Promising
15462,94,4,737.05,3,3,2,332,Loyal Customers
17339,94,4,243.36,3,3,1,331,Low Engagement
12461,94,2,626.88,3,2,2,322,Promising
16400,94,9,3059.85,3,4,4,344,Loyal Customers
14208,94,2,567.05,3,2,2,322,Promising
13158,94,5,1508.18,3,3,3,333,Loyal Customers
17560,94,9,1895.80,3,4,3,343,Loyal Customers
16175,94,7,1836.44,3,3,3,333,Loyal Customers
13122,94,2,922.39,3,2,3,323,Promising
13130,94,1,64.00,3,1,1,311,Promising
12422,95,21,3639.35,3,4,4,344,Loyal Customers
16551,95,7,2237.12,3,3,4,334,Loyal Customers
15491,95,7,3090.85,3,3,4,334,Loyal Customers
16172,95,8,1884.55,3,4,3,343,Loyal Customers
13748,95,9,2064.35,3,4,3,343,Loyal Customers
16820,95,1,497.61,3,1,2,312,Promising
17309,95,3,320.39,3,2,2,322,Promising
15307,95,1,205.30,3,1,1,311,Promising
13851,95,9,4516.76,3,4,4,344,Loyal Customers
15364,95,2,913.19,3,2,3,323,Promising
12502,95,5,2995.87,3,3,4,334,Loyal Customers
13192,95,8,2544.53,3,4,4,344,Loyal Customers
18196,95,4,1455.27,3,3,3,333,Loyal Customers
14565,95,7,3683.87,3,3,4,334,Loyal Customers
13744,95,2,1080.52,3,2,3,323,Promising
12816,95,2,452.20,3,2,2,322,Promising
17050,96,12,4348.46,3,4,4,344,Loyal Customers
12710,96,4,1004.57,2,3,3,233,High-Value At Risk
13548,96,3,901.44,2,2,3,223,At Risk
17229,96,2,318.76,2,2,2,222,At Risk
14965,96,2,596.09,2,2,2,222,At Risk
17722,96,7,3476.82,2,3,4,234,High-Value At Risk
16761,96,1,316.62,2,1,1,211,Low Engagement
17774,96,13,3259.39,2,4,4,244,High-Value At Risk
13240,96,9,1378.04,2,4,3,243,High-Value At Risk
12851,96,2,280.76,2,2,1,221,At Risk
14171,98,2,498.79,2,2,2,222,At Risk
14436,98,2,271.70,2,2,1,221,At Risk
18027,98,1,115.31,2,1,1,211,Low Engagement
18087,98,21,13563.62,2,4,4,244,High-Value At Risk
14463,98,4,786.57,2,3,2,232,At Risk
16092,98,10,1515.49,2,4,3,243,High-Value At Risk
15829,99,2,636.14,2,2,2,222,At Risk
16808,99,2,288.42,2,2,1,221,At Risk
13099,99,1,207.36,2,1,1,211,Low Engagement
13470,99,2,165.00,2,1,1,211,Low Engagement
12436,99,1,429.01,2,1,2,212,Low Engagement
13376,99,3,869.76,2,2,3,223,At Risk
13631,99,12,3021.77,2,4,4,244,High-Value At Risk
16456,99,14,6000.94,2,4,4,244,High-Value At Risk
13045,99,3,808.92,2,2,2,222,At Risk
13466,100,7,952.25,2,3,3,233,High-Value At Risk
17747,100,2,64.65,2,2,1,221,At Risk
15596,100,16,2621.27,2,4,4,244,High-Value At Risk
14513,100,7,770.91,2,3,2,232,At Risk
17320,100,6,2444.85,2,3,4,234,High-Value At Risk
16180,100,16,16170.27,2,4,4,244,High-Value At Risk
17588,100,9,2901.65,2,4,4,244,High-Value At Risk
15260,100,30,8677.88,2,4,4,244,High-Value At Risk
16083,100,4,2351.42,2,3,4,234,High-Value At Risk
15625,100,14,3203.25,2,4,4,244,High-Value At Risk
16780,100,3,596.40,2,2,2,222,At Risk
17298,101,6,933.32,2,3,3,233,High-Value At Risk
12814,101,1,85.92,2,1,1,211,Low Engagement
14078,101,9,1551.82,2,4,3,243,High-Value At Risk
15866,101,1,211.89,2,1,1,211,Low Engagement
15095,103,11,3135.74,2,4,4,244,High-Value At Risk
15569,103,10,3583.45,2,4,4,244,High-Value At Risk
15325,103,9,1596.26,2,4,3,243,High-Value At Risk
16806,103,4,736.21,2,3,2,232,At Risk
14472,103,9,2118.72,2,4,3,243,High-Value At Risk
13301,103,4,600.19,2,3,2,232,At Risk
13778,103,5,1116.54,2,3,3,233,High-Value At Risk
16816,103,4,417.06,2,3,2,232,At Risk
17146,105,16,5788.39,2,4,4,244,High-Value At Risk
13003,105,3,149.05,2,2,1,221,At Risk
15074,105,3,1553.13,2,2,3,223,At Risk
15641,105,12,5345.55,2,4,4,244,High-Value At Risk
13489,105,4,449.52,2,3,2,232,At Risk
16641,105,2,554.50,2,1,2,212,Low Engagement
16093,106,1,17.00,2,1,1,211,Low Engagement
16429,106,1,284.55,2,1,1,211,Low Engagement
14687,106,3,1402.06,2,2,3,223,At Risk
17844,106,1,51.56,2,1,1,211,Low Engagement
17189,106,5,953.63,2,3,3,233,High-Value At Risk
17134,106,3,625.30,2,2,2,222,At Risk
12715,106,1,263.36,2,1,1,211,Low Engagement
13000,106,5,965.00,2,3,3,233,High-Value At Risk
16859,106,10,1657.74,2,4,3,243,High-Value At Risk
12624,106,2,569.13,2,2,2,222,At Risk
16503,106,13,3597.89,2,4,4,244,High-Value At Risk
14055,106,3,1520.96,2,2,3,223,At Risk
14314,106,3,221.90,2,2,1,221,At Risk
15663,106,1,138.14,2,1,1,211,Low Engagement
15263,106,1,156.51,2,1,1,211,Low Engagement
14196,106,1,335.52,2,1,2,212,Low Engagement
18200,106,1,150.35,2,1,1,211,Low Engagement
15812,107,13,5186.17,2,4,4,244,High-Value At Risk
12649,107,10,2060.50,2,4,3,243,High-Value At Risk
16536,107,2,538.17,2,2,2,222,At Risk
17268,107,11,1733.89,2,4,3,243,High-Value At Risk
13411,107,1,213.55,2,1,1,211,Low Engagement
14407,107,9,2096.08,2,4,3,243,High-Value At Risk
12853,107,16,3728.50,2,4,4,244,High-Value At Risk
17256,107,5,498.93,2,3,2,232,At Risk
14973,107,3,1314.45,2,2,3,223,At Risk
15800,107,7,1227.07,2,3,3,233,High-Value At Risk
16340,107,3,1496.24,2,2,3,223,At Risk
17869,107,7,813.64,2,3,2,232,At Risk
16302,107,2,212.82,2,2,1,221,At Risk
14301,107,7,1956.23,2,3,3,233,High-Value At Risk
13425,108,8,3362.73,2,4,4,244,High-Value At Risk
14364,108,8,3717.35,2,3,4,234,High-Value At Risk
12593,108,3,382.10,2,2,2,222,At Risk
13140,108,5,1054.92,2,3,3,233,High-Value At Risk
18018,108,5,156.69,2,3,1,231,At Risk
14523,108,1,241.09,2,1,1,211,Low Engagement
13593,108,16,5444.81,2,4,4,244,High-Value At Risk
14930,108,9,5126.74,2,4,4,244,High-Value At Risk
17242,108,5,2889.28,2,3,4,234,High-Value At Risk
16550,108,29,8550.92,2,4,4,244,High-Value At Risk
17083,109,11,4035.08,2,4,4,244,High-Value At Risk
12363,109,2,552.00,2,1,2,212,Low Engagement
14265,109,4,1373.35,2,3,3,233,High-Value At Risk
16952,109,5,795.83,2,3,2,232,At Risk
13933,109,2,608.79,2,2,2,222,At Risk
14045,109,19,9334.23,2,4,4,244,High-Value At Risk
17585,109,7,2064.71,2,3,3,233,High-Value At Risk
14460,110,12,919.60,2,4,3,243,High-Value At Risk
15313,110,1,52.00,2,1,1,211,Low Engagement
14224,110,9,1841.71,2,4,3,243,High-Value At Risk
17029,110,7,2137.30,2,3,3,233,High-Value At Risk
14566,110,4,4092.00,2,3,4,234,High-Value At Risk
14246,110,3,1474.06,2,2,3,223,At Risk
14013,110,6,1006.22,2,3,3,233,High-Value At Risk
14772,112,1,139.26,2,1,1,211,Low Engagement
16419,112,9,1450.95,2,4,3,243,High-Value At Risk
12968,112,1,135.95,2,1,1,211,Low Engagement
15938,112,9,734.81,2,4,2,242,At Risk
15396,112,2,796.38,2,2,2,222,At Risk
14745,112,17,2471.06,2,4,4,244,High-Value At Risk
12418,112,5,2016.95,2,3,3,233,High-Value At Risk
13242,112,7,699.40,2,3,2,232,At Risk
12729,113,1,417.01,2,1,2,212,Low Engagement
13273,113,1,138.98,2,1,1,211,Low Engagement
13027,113,23,17143.20,2,4,4,244,High-Value At Risk
15797,113,6,2806.08,2,3,4,234,High-Value At Risk
17045,113,5,827.68,2,3,3,233,High-Value At Risk
17742,113,11,2098.48,2,4,3,243,High-Value At Risk
16582,113,1,313.62,2,1,1,211,Low Engagement
18248,113,4,783.02,2,3,2,232,At Risk
15472,113,1,371.56,2,1,2,212,Low Engagement
12688,113,1,4873.81,2,1,4,214,Low Engagement
18178,113,15,6054.49,2,4,4,244,High-Value At Risk
15232,113,2,612.06,2,2,2,222,At Risk
14323,114,4,574.26,2,3,2,232,At Risk
17070,114,2,437.42,2,2,2,222,At Risk
17398,114,3,653.38,2,2,2,222,At Risk
16755,114,10,2846.13,2,4,4,244,High-Value At Risk
15541,114,1,85.13,2,1,1,211,Low Engagement
15734,114,4,2263.30,2,3,4,234,High-Value At Risk
13655,114,8,2261.66,2,4,4,244,High-Value At Risk
18073,114,13,3846.74,2,4,4,244,High-Value At Risk
14918,115,9,5955.81,2,4,4,244,High-Value At Risk
17048,115,11,1991.45,2,4,3,243,High-Value At Risk
14006,115,7,2196.67,2,3,4,234,High-Value At Risk
15002,115,9,4138.08,2,4,4,244,High-Value At Risk
15768,115,36,15307.26,2,4,4,244,High-Value At Risk
12641,115,1,145.90,2,1,1,211,Low Engagement
16927,115,3,543.05,2,2,2,222,At Risk
15342,116,2,391.76,2,2,2,222,At Risk
16272,116,1,411.70,2,1,2,212,Low Engagement
17252,116,2,348.91,2,2,2,222,At Risk
18143,116,2,1000.16,2,2,3,223,At Risk
15480,116,7,3592.25,2,3,4,234,High-Value At Risk
15624,116,4,588.13,2,3,2,232,At Risk
17958,116,2,973.88,2,2,3,223,At Risk
12758,116,8,9779.00,2,4,4,244,High-Value At Risk
16961,116,6,773.01,2,3,2,232,At Risk
13720,116,4,799.90,2,3,2,232,At Risk
16902,116,1,1706.88,2,1,3,213,Low Engagement
13621,116,1,213.85,2,1,1,211,Low Engagement
13799,116,13,2039.82,2,4,3,243,High-Value At Risk
13116,117,2,485.19,2,2,2,222,At Risk
16292,117,9,1171.46,2,4,3,243,High-Value At Risk
15683,117,2,524.54,2,2,2,222,At Risk
16045,119,9,3187.03,2,4,4,244,High-Value At Risk
16317,119,6,2179.76,2,3,4,234,High-Value At Risk
13888,119,7,2001.59,2,3,3,233,High-Value At Risk
17642,119,5,1824.49,2,3,3,233,High-Value At Risk
13873,119,9,1031.02,2,4,3,243,High-Value At Risk
14855,119,7,6520.30,2,3,4,234,High-Value At Risk
12399,119,7,1842.30,2,3,3,233,High-Value At Risk
15192,119,5,1666.39,2,3,3,233,High-Value At Risk
14406,119,1,156.75,2,1,1,211,Low Engagement
15689,119,3,521.03,2,2,2,222,At Risk
17122,119,4,570.50,2,3,2,232,At Risk
17429,120,7,1342.16,2,3,3,233,High-Value At Risk
14346,120,5,2315.75,2,3,4,234,High-Value At Risk
15581,120,43,4350.06,2,4,4,244,High-Value At Risk
13307,120,3,273.34,2,2,1,221,At Risk
17248,120,2,500.54,2,2,2,222,At Risk
13722,120,11,5629.16,2,4,4,244,High-Value At Risk
12693,120,11,1352.42,2,4,3,243,High-Value At Risk
17531,120,9,1194.47,2,4,3,243,High-Value At Risk
13645,120,1,252.10,2,1,1,211,Low Engagement
17994,121,14,2213.58,2,4,4,244,High-Value At Risk
14024,121,3,645.74,2,2,2,222,At Risk
13388,121,4,1135.70,2,3,3,233,High-Value At Risk
15247,122,4,967.11,2,3,3,233,High-Value At Risk
14127,122,6,1900.08,2,3,3,233,High-Value At Risk
13217,122,6,266.12,2,3,1,231,At Risk
13355,122,1,674.70,2,1,2,212,Low Engagement
13162,122,19,9116.94,2,4,4,244,High-Value At Risk
12929,122,2,105.10,2,2,1,221,At Risk
13280,122,8,2267.83,2,3,4,234,High-Value At Risk
16788,123,5,1927.28,2,3,3,233,High-Value At Risk
13869,123,10,7996.87,2,4,4,244,High-Value At Risk
17085,123,32,7705.27,2,4,4,244,High-Value At Risk
17331,123,1,175.20,2,1,1,211,Low Engagement
15985,123,8,2610.28,2,4,4,244,High-Value At Risk
16951,123,4,1262.75,2,3,3,233,High-Value At Risk
13248,124,2,465.68,2,2,2,222,At Risk
14053,124,4,572.30,2,3,2,232,At Risk
14331,124,2,462.66,2,2,2,222,At Risk
14079,124,2,375.10,2,2,2,222,At Risk
13752,124,7,1579.83,2,3,3,233,High-Value At Risk
13513,126,4,796.99,2,3,2,232,At Risk
17400,126,8,4623.28,2,3,4,234,High-Value At Risk
17457,126,18,5799.01,2,4,4,244,High-Value At Risk
13082,126,25,7268.92,2,4,4,244,High-Value At Risk
16174,126,7,2246.75,2,3,4,234,High-Value At Risk
13218,127,1,62.64,2,1,1,211,Low Engagement
17723,127,7,3378.40,2,3,4,234,High-Value At Risk
15133,127,5,1806.90,2,3,3,233,High-Value At Risk
17692,127,14,2947.04,2,4,4,244,High-Value At Risk
13402,127,4,1226.85,2,3,3,233,High-Value At Risk
16572,127,4,999.70,2,3,3,233,High-Value At Risk
17267,127,2,317.20,2,2,1,221,At Risk
15254,127,4,1073.40,2,3,3,233,High-Value At Risk
18099,127,1,168.31,2,1,1,211,Low Engagement
14344,127,20,2993.05,2,4,4,244,High-Value At Risk
14778,127,2,730.86,2,2,2,222,At Risk
12917,128,8,4329.50,2,4,4,244,High-Value At Risk
16835,128,10,1389.76,2,4,3,243,High-Value At Risk
15374,128,2,307.32,2,2,1,221,At Risk
12750,128,1,275.88,2,1,1,211,Low Engagement
17514,128,2,522.00,2,2,2,222,At Risk
12643,128,14,7334.30,2,4,4,244,High-Value At Risk
14972,128,2,145.07,2,2,1,221,At Risk
17053,128,2,496.38,2,2,2,222,At Risk
16324,128,3,408.59,2,2,2,222,At Risk
13106,128,3,586.46,2,2,2,222,At Risk
12378,129,2,5416.32,2,2,4,224,At Risk
17553,129,4,3757.60,2,3,4,234,High-Value At Risk
17353,129,7,3155.55,2,3,4,234,High-Value At Risk
14076,129,1,118.67,2,1,1,211,Low Engagement
13075,129,1,919.61,2,1,3,213,Low Engagement
15120,129,2,343.82,2,2,2,222,At Risk
12644,129,6,1797.54,2,3,3,233,High-Value At Risk
17887,129,1,111.35,2,1,1,211,Low Engagement
14133,129,6,895.84,2,3,3,233,High-Value At Risk
17282,130,5,2308.54,2,3,4,234,High-Value At Risk
14403,130,9,1822.76,2,4,3,243,High-Value At Risk
17941,130,4,1433.28,2,3,3,233,High-Value At Risk
12534,130,1,981.18,2,1,3,213,Low Engagement
17615,130,7,714.30,2,3,2,232,At Risk
14885,131,4,1496.12,2,3,3,233,High-Value At Risk
15438,131,1,156.58,2,1,1,211,Low Engagement
17695,131,6,1720.54,2,3,3,233,High-Value At Risk
12942,131,3,675.60,2,2,2,222,At Risk
14143,133,1,115.80,2,1,1,211,Low Engagement
15942,133,1,337.44,2,1,2,212,Low Engagement
15776,133,1,241.62,2,1,1,211,Low Engagement
15149,133,5,1524.61,2,3,3,233,High-Value At Risk
16147,133,7,2367.02,2,3,4,234,High-Value At Risk
18064,133,15,4427.98,2,4,4,244,High-Value At Risk
13414,133,7,2482.24,2,3,4,234,High-Value At Risk
17926,133,5,1035.49,2,3,3,233,High-Value At Risk
15639,134,5,1028.33,2,3,3,233,High-Value At Risk
15245,134,8,4610.84,2,4,4,244,High-Value At Risk
15746,134,2,182.96,2,2,1,221,At Risk
15118,134,1,244.80,2,1,1,211,Low Engagement
17931,134,18,3270.91,2,4,4,244,High-Value At Risk
13420,134,4,140.35,2,3,1,231,At Risk
17649,134,5,1542.44,2,3,3,233,High-Value At Risk
12507,134,5,1461.31,2,3,3,233,High-Value At Risk
18151,134,7,1853.94,2,3,3,233,High-Value At Risk
12453,134,1,707.09,2,1,2,212,Low Engagement
14002,134,2,529.73,2,2,2,222,At Risk
18268,134,8,1451.22,2,4,3,243,High-Value At Risk
12743,134,2,540.13,2,2,2,222,At Risk
13194,135,2,472.78,2,2,2,222,At Risk
16447,135,3,727.10,2,2,2,222,At Risk
13730,135,2,752.60,2,2,2,222,At Risk
15261,135,4,1508.00,2,3,3,233,High-Value At Risk
16696,135,4,657.90,2,3,2,232,At Risk
15855,136,6,1052.72,2,3,3,233,High-Value At Risk
17693,136,3,187.02,2,2,1,221,At Risk
13492,136,3,1269.84,2,2,3,223,At Risk
13296,137,6,792.51,2,3,2,232,At Risk
17040,137,2,463.25,2,2,2,222,At Risk
14100,137,1,191.95,2,1,1,211,Low Engagement
15372,137,10,5954.42,2,4,4,244,High-Value At Risk
14692,137,13,1705.64,2,4,3,243,High-Value At Risk
13802,138,24,25491.56,2,4,4,244,High-Value At Risk
16178,138,2,612.60,2,2,2,222,At Risk
13037,138,16,3842.55,2,4,4,244,High-Value At Risk
12763,138,2,494.08,2,2,2,222,At Risk
17935,138,8,652.64,2,3,2,232,At Risk
17312,138,3,644.30,2,2,2,222,At Risk
16305,138,1,361.22,2,1,2,212,Low Engagement
16948,138,7,868.77,2,3,3,233,High-Value At Risk
12916,138,8,4455.93,2,3,4,234,High-Value At Risk
12864,138,2,299.57,2,2,1,221,At Risk
17265,138,2,550.01,2,1,2,212,Low Engagement
18146,140,2,160.35,2,2,1,221,At Risk
15704,140,8,3663.86,2,4,4,244,High-Value At Risk
16866,140,3,207.74,2,2,1,221,At Risk
18262,140,3,577.54,2,2,2,222,At Risk
15108,141,5,1150.75,2,3,3,233,High-Value At Risk
14400,141,5,1703.00,2,3,3,233,High-Value At Risk
17694,141,3,1695.97,2,2,3,223,At Risk
17660,141,2,342.22,2,2,2,222,At Risk
16654,141,9,1477.77,2,4,3,243,High-Value At Risk
15623,141,8,2437.05,2,3,4,234,High-Value At Risk
14259,141,1,120.00,2,1,1,211,Low Engagement
12510,142,16,2989.33,2,4,4,244,High-Value At Risk
17962,142,5,651.51,2,3,2,232,At Risk
16807,142,8,2064.88,2,3,3,233,High-Value At Risk
12521,142,1,545.68,2,1,2,212,Low Engagement
15802,142,3,0.00,2,2,1,221,At Risk
17866,142,4,1131.00,2,3,3,233,High-Value At Risk
15713,143,6,814.84,2,3,2,232,At Risk
12468,143,10,3192.55,2,4,4,244,High-Value At Risk
12875,143,5,1356.99,2,3,3,233,High-Value At Risk
14117,143,1,90.00,2,1,1,211,Low Engagement
17065,143,3,194.70,2,2,1,221,At Risk
14437,143,7,850.84,2,3,3,233,High-Value At Risk
12840,143,11,4013.87,2,4,4,244,High-Value At Risk
12947,143,11,1407.29,2,4,3,243,High-Value At Risk
16112,143,4,195.74,2,3,1,231,At Risk
13154,144,5,1609.29,2,3,3,233,High-Value At Risk
13821,144,7,1355.38,2,3,3,233,High-Value At Risk
14758,144,7,2864.97,2,3,4,234,High-Value At Risk
15369,144,13,3346.43,2,4,4,244,High-Value At Risk
17448,144,54,14375.01,2,4,4,244,High-Value At Risk
16398,144,4,1631.15,2,3,3,233,High-Value At Risk
13564,144,54,15613.10,2,4,4,244,High-Value At Risk
16054,145,7,2090.68,2,3,3,233,High-Value At Risk
12833,145,1,417.38,2,1,2,212,Low Engagement
17984,145,5,1148.69,2,3,3,233,High-Value At Risk
15716,145,11,2482.74,2,4,4,244,High-Value At Risk
13967,145,2,166.30,2,1,1,211,Low Engagement
15004,147,1,1220.38,2,1,3,213,Low Engagement
17440,147,6,314.26,2,3,1,231,At Risk
14958,147,6,941.99,2,3,3,233,High-Value At Risk
17444,147,3,2389.10,2,2,4,224,At Risk
12815,147,2,863.46,2,2,3,223,At Risk
17948,147,1,358.56,2,1,2,212,Low Engagement
14722,147,3,489.52,2,2,2,222,At Risk
15402,148,7,1816.22,2,3,3,233,High-Value At Risk
14891,148,4,1106.73,2,3,3,233,High-Value At Risk
12405,148,1,1390.39,2,1,3,213,Low Engagement
14847,148,4,1320.60,2,3,3,233,High-Value At Risk
14461,148,14,6660.62,2,4,4,244,High-Value At Risk
15256,148,2,170.40,2,2,1,221,At Risk
17259,148,6,1452.39,2,3,3,233,High-Value At Risk
12915,148,8,885.20,2,3,3,233,High-Value At Risk
12653,148,3,4160.83,2,2,4,224,At Risk
13667,149,1,299.05,2,1,1,211,Low Engagement
16450,149,4,1475.73,2,3,3,233,High-Value At Risk
15895,149,1,179.17,2,1,1,211,Low Engagement
15795,149,8,1979.87,2,3,3,233,High-Value At Risk
16998,149,7,394.50,2,3,2,232,At Risk
18121,149,2,653.30,2,2,2,222,At Risk
14483,149,3,249.20,2,2,1,221,At Risk
18193,150,5,1176.55,2,3,3,233,High-Value At Risk
14267,150,9,1259.19,2,4,3,243,High-Value At Risk
12669,150,4,1427.73,2,3,3,233,High-Value At Risk
14548,150,9,2541.29,2,4,4,244,High-Value At Risk
15577,151,5,396.03,2,3,2,232,At Risk
12717,151,4,1058.91,2,3,3,233,High-Value At Risk
18142,151,4,1014.90,2,3,3,233,High-Value At Risk
14552,151,3,507.93,2,2,2,222,At Risk
15265,151,4,3345.64,2,3,4,234,High-Value At Risk
13754,151,3,447.05,2,2,2,222,At Risk
15045,151,3,633.66,2,2,2,222,At Risk
13678,151,1,232.60,2,1,1,211,Low Engagement
17337,151,7,1896.06,2,3,3,233,High-Value At Risk
13675,151,2,486.82,2,2,2,222,At Risk
13745,151,4,761.27,2,3,2,232,At Risk
17787,152,4,1817.54,2,3,3,233,High-Value At Risk
18024,152,3,236.78,2,2,1,221,At Risk
17126,152,11,1996.03,2,4,3,243,High-Value At Risk
15182,154,14,2942.75,2,4,4,244,High-Value At Risk
16091,154,2,315.06,2,2,1,221,At Risk
14905,154,10,1939.69,2,4,3,243,High-Value At Risk
14016,154,13,11279.71,2,4,4,244,High-Value At Risk
13955,154,3,544.07,2,2,2,222,At Risk
14264,154,8,1475.86,2,3,3,233,High-Value At Risk
12648,154,5,1024.00,2,3,3,233,High-Value At Risk
15920,154,9,565.19,2,4,2,242,At Risk
18037,154,15,167.42,2,4,1,241,At Risk
13338,154,10,2173.62,2,4,4,244,High-Value At Risk
14104,154,5,740.53,2,3,2,232,At Risk
13699,155,3,711.40,2,2,2,222,At Risk
12980,155,26,15909.39,2,4,4,244,High-Value At Risk
13291,155,11,3270.79,2,4,4,244,High-Value At Risk
13302,155,2,159.20,2,2,1,221,At Risk
13583,155,2,1445.03,2,2,3,223,At Risk
16581,155,2,70.44,2,2,1,221,At Risk
18072,155,2,12.24,2,2,1,221,At Risk
18013,155,2,187.29,2,2,1,221,At Risk
14459,155,3,5339.14,2,2,4,224,At Risk
14021,155,7,1716.58,2,3,3,233,High-Value At Risk
15512,155,4,331.58,2,3,2,232,At Risk
16829,156,2,513.32,2,2,2,222,At Risk
15889,156,9,1396.60,2,4,3,243,High-Value At Risk
15334,156,3,347.87,2,2,2,222,At Risk
12977,156,4,513.88,2,3,2,232,At Risk
14645,156,4,840.24,2,3,3,233,High-Value At Risk
13253,156,4,2951.11,2,3,4,234,High-Value At Risk
12450,156,7,666.95,2,3,2,232,At Risk
16919,156,28,4837.56,2,4,4,244,High-Value At Risk
17341,156,5,1272.21,2,3,3,233,High-Value At Risk
14352,157,4,1078.96,2,3,3,233,High-Value At Risk
17046,157,5,1906.07,2,3,3,233,High-Value At Risk
16338,157,1,214.80,2,1,1,211,Low Engagement
15646,157,6,762.31,2,3,2,232,At Risk
13085,157,10,2289.58,2,4,4,244,High-Value At Risk
16146,157,4,946.38,2,3,3,233,High-Value At Risk
18203,157,4,482.52,2,3,2,232,At Risk
16344,158,4,842.42,2,3,3,233,High-Value At Risk
17464,158,4,816.54,2,3,2,232,At Risk
13826,158,2,179.55,2,2,1,221,At Risk
17765,158,4,524.00,2,3,2,232,At Risk
15349,158,2,463.91,2,2,2,222,At Risk
14338,158,5,894.10,2,3,3,233,High-Value At Risk
17899,159,1,154.55,2,1,1,211,Low Engagement
13833,159,2,700.41,2,2,2,222,At Risk
17939,159,1,99.14,2,1,1,211,Low Engagement
17105,159,2,665.78,2,2,2,222,At Risk
17781,159,2,188.02,2,2,1,221,At Risk
15007,159,1,156.91,2,1,1,211,Low Engagement
17505,161,5,2435.48,2,3,4,234,High-Value At Risk
15483,161,10,810.68,2,4,2,242,At Risk
16498,161,3,86.12,2,2,1,221,At Risk
17123,161,3,966.67,2,2,3,223,At Risk
12922,161,1,405.38,2,1,2,212,Low Engagement
12424,162,7,3289.78,2,3,4,234,High-Value At Risk
17891,162,1,203.86,2,1,1,211,Low Engagement
14803,162,3,845.55,2,2,3,223,At Risk
15578,162,1,127.10,2,1,1,211,Low Engagement
17391,163,2,508.80,2,2,2,222,At Risk
16801,163,5,842.33,2,3,3,233,High-Value At Risk
15537,163,1,110.92,2,1,1,211,Low Engagement
16553,163,36,16500.12,2,4,4,244,High-Value At Risk
14327,163,6,1894.93,2,3,3,233,High-Value At Risk
17408,163,4,164.89,2,3,1,231,At Risk
14481,164,6,2284.69,2,3,4,234,High-Value At Risk
16545,164,2,689.82,2,2,2,222,At Risk
17900,164,4,15.00,2,3,1,231,At Risk
13656,164,7,1053.35,2,3,3,233,High-Value At Risk
13300,164,5,1267.21,2,3,3,233,High-Value At Risk
14351,164,1,51.00,2,1,1,211,Low Engagement
15146,164,3,1313.66,2,2,3,223,At Risk
16473,164,5,469.58,2,3,2,232,At Risk
12493,165,3,362.79,2,2,2,222,At Risk
13453,165,5,758.99,2,3,2,232,At Risk
15976,165,6,1680.31,2,3,3,233,High-Value At Risk
17980,165,4,1012.72,2,3,3,233,High-Value At Risk
17110,165,3,499.90,2,2,2,222,At Risk
12548,166,1,67.20,2,1,1,211,Low Engagement
14795,166,1,131.45,2,1,1,211,Low Engagement
17969,166,27,2235.54,2,4,4,244,High-Value At Risk
15644,166,4,803.54,2,3,2,232,At Risk
15104,166,3,968.64,2,2,3,223,At Risk
17704,168,2,885.19,2,2,3,223,At Risk
13856,168,15,1058.88,2,4,3,243,High-Value At Risk
12809,168,8,1333.74,2,4,3,243,High-Value At Risk
15258,168,2,623.16,2,2,2,222,At Risk
15665,168,5,3987.07,2,3,4,234,High-Value At Risk
17709,169,5,671.01,2,3,2,232,At Risk
15379,169,9,4806.44,2,4,4,244,High-Value At Risk
13937,169,3,867.38,2,2,3,223,At Risk
16287,169,5,1006.98,2,3,3,233,High-Value At Risk
14584,169,9,1725.16,2,4,3,243,High-Value At Risk
14656,169,5,790.00,2,3,2,232,At Risk
16647,169,4,541.90,2,2,2,222,At Risk
15130,169,1,330.11,2,1,2,212,Low Engagement
13929,169,14,3318.10,2,4,4,244,High-Value At Risk
17630,169,2,503.60,2,2,2,222,At Risk
17204,169,15,5263.69,2,4,4,244,High-Value At Risk
15384,169,5,2021.14,2,3,3,233,High-Value At Risk
17877,170,1,237.61,2,1,1,211,Low Engagement
16214,170,4,2038.25,2,3,3,233,High-Value At Risk
14998,170,4,753.18,2,3,2,232,At Risk
14643,170,6,1654.69,2,3,3,233,High-Value At Risk
16114,170,1,135.75,2,1,1,211,Low Engagement
16247,170,1,114.56,2,1,1,211,Low Engagement
15041,170,2,288.98,2,2,1,221,At Risk
15412,171,1,190.53,2,1,1,211,Low Engagement
13936,171,4,924.36,2,3,3,233,High-Value At Risk
15507,171,1,475.86,2,1,2,212,Low Engagement
17960,171,3,135.08,2,2,1,221,At Risk
16526,171,2,717.21,2,2,2,222,At Risk
15700,172,3,664.03,2,2,2,222,At Risk
15016,172,6,612.89,2,3,2,232,At Risk
15280,172,3,397.52,2,2,2,222,At Risk
13343,172,2,253.93,2,2,1,221,At Risk
18260,172,32,9737.10,2,4,4,244,High-Value At Risk
16320,172,8,5618.79,2,4,4,244,High-Value At Risk
17897,172,10,2027.54,2,4,3,243,High-Value At Risk
15921,172,4,765.61,2,3,2,232,At Risk
15076,172,5,1425.84,2,3,3,233,High-Value At Risk
15825,172,1,532.94,2,1,2,212,Low Engagement
16739,172,4,772.23,2,3,2,232,At Risk
15389,172,5,2733.80,2,3,4,234,High-Value At Risk
16805,173,5,1076.34,2,3,3,233,High-Value At Risk
12837,173,2,662.66,2,2,2,222,At Risk
13618,173,1,177.34,2,1,1,211,Low Engagement
15535,173,10,955.12,2,4,3,243,High-Value At Risk
16050,173,3,300.70,2,2,1,221,At Risk
13568,173,1,187.05,2,1,1,211,Low Engagement
15909,173,1,191.94,2,1,1,211,Low Engagement
14162,173,2,289.36,2,2,1,221,At Risk
18062,173,9,1523.37,2,4,3,243,High-Value At Risk
16484,173,3,379.40,2,2,2,222,At Risk
17616,173,4,734.40,2,3,2,232,At Risk
13005,173,6,935.03,2,3,3,233,High-Value At Risk
17879,173,1,178.52,2,1,1,211,Low Engagement
14491,175,2,340.93,2,2,2,222,At Risk
17446,176,2,120.90,2,2,1,221,At Risk
13951,176,3,674.45,2,2,2,222,At Risk
16276,176,3,2629.39,2,2,4,224,At Risk
16257,176,1,21.95,2,1,1,211,Low Engagement
18168,176,22,3352.30,2,4,4,244,High-Value At Risk
15219,176,2,685.45,2,2,2,222,At Risk
14245,176,5,1677.48,2,3,3,233,High-Value At Risk
15585,176,1,455.30,2,1,2,212,Low Engagement
14037,176,7,755.95,2,3,2,232,At Risk
16461,177,3,1539.83,2,2,3,223,At Risk
18165,177,1,302.46,2,1,1,211,Low Engagement
15574,177,7,1059.44,2,3,3,233,High-Value At Risk
16644,177,2,833.78,2,2,3,223,At Risk
17536,177,3,364.83,2,2,2,222,At Risk
14222,177,1,683.17,2,1,2,212,Low Engagement
15912,178,9,1074.70,2,4,3,243,High-Value At Risk
13476,178,7,1915.77,2,3,3,233,High-Value At Risk
17179,178,6,1507.26,2,3,3,233,High-Value At Risk
17749,178,3,1026.18,2,2,3,223,At Risk
12818,178,2,1157.88,2,2,3,223,At Risk
13663,179,6,2013.61,2,3,3,233,High-Value At Risk
14231,179,6,1131.97,2,3,3,233,High-Value At Risk
15069,179,1,1109.53,2,1,3,213,Low Engagement
15643,179,6,647.40,2,3,2,232,At Risk
17795,179,2,342.83,2,2,2,222,At Risk
17349,179,5,772.41,2,3,2,232,At Risk
12732,179,1,218.26,2,1,1,211,Low Engagement
14573,179,17,2113.42,2,4,3,243,High-Value At Risk
13080,179,5,260.83,2,3,1,231,At Risk
14823,180,3,321.43,2,2,2,222,At Risk
14450,180,7,1128.44,2,3,3,233,High-Value At Risk
18281,180,2,201.14,2,2,1,221,At Risk
15609,182,2,270.03,2,2,1,221,At Risk
13533,182,3,269.09,2,2,1,221,At Risk
16614,182,3,1179.79,2,2,3,223,At Risk
17234,182,1,149.89,2,1,1,211,Low Engagement
15098,182,5,39619.50,2,3,4,234,High-Value At Risk
13686,182,3,409.04,2,2,2,222,At Risk
15780,183,3,475.28,2,2,2,222,At Risk
13462,183,6,1145.60,2,3,3,233,High-Value At Risk
14241,183,2,333.70,2,2,2,222,At Risk
16113,183,1,161.38,2,1,1,211,Low Engagement
12802,183,9,2120.42,2,4,3,243,High-Value At Risk
13811,183,4,519.75,2,3,2,232,At Risk
13900,183,7,1608.09,2,3,3,233,High-Value At Risk
17409,184,10,7793.51,2,4,4,244,High-Value At Risk
14622,184,1,320.58,2,1,2,212,Low Engagement
16832,184,5,417.61,2,3,2,232,At Risk
12383,184,6,1617.31,2,3,3,233,High-Value At Risk
16955,184,9,1072.06,2,4,3,243,High-Value At Risk
17854,185,6,1068.50,2,3,3,233,High-Value At Risk
12891,185,12,819.50,2,4,3,243,High-Value At Risk
17026,185,3,175.83,2,2,1,221,At Risk
17874,185,7,658.26,2,3,2,232,At Risk
14625,185,18,4429.18,2,4,4,244,High-Value At Risk
13395,185,3,1180.23,2,2,3,223,At Risk
16763,185,3,947.75,2,2,3,223,At Risk
14375,185,3,1106.82,2,2,3,223,At Risk
14542,185,1,103.25,2,1,1,211,Low Engagement
14867,185,19,2910.41,2,4,4,244,High-Value At Risk
17987,185,6,889.92,2,3,3,233,High-Value At Risk
17124,185,1,294.24,2,1,1,211,Low Engagement
12868,185,8,2043.76,2,4,3,243,High-Value At Risk
17707,185,9,605.05,2,4,2,242,At Risk
15386,186,1,394.14,2,1,2,212,Low Engagement
16611,186,7,1776.63,2,3,3,233,High-Value At Risk
15852,186,3,257.26,2,2,1,221,At Risk
16520,186,8,2131.68,2,4,3,243,High-Value At Risk
16849,186,1,124.57,2,1,1,211,Low Engagement
17708,187,4,884.18,2,3,3,233,High-Value At Risk
16883,187,20,2236.11,2,4,4,244,High-Value At Risk
14682,187,6,1514.81,2,3,3,233,High-Value At Risk
16963,187,1,110.55,2,1,1,211,Low Engagement
14512,187,7,1215.97,2,3,3,233,High-Value At Risk
13682,187,1,59.50,2,1,1,211,Low Engagement
13885,189,2,506.80,2,2,2,222,At Risk
16659,189,1,39.12,2,1,1,211,Low Engagement
15508,189,6,1000.27,2,3,3,233,High-Value At Risk
16230,189,2,542.03,2,2,2,222,At Risk
15405,189,2,659.84,2,2,2,222,At Risk
16967,189,1,319.02,2,1,2,212,Low Engagement
13294,189,3,1689.53,2,2,3,223,At Risk
12601,189,7,565.76,2,3,2,232,At Risk
16117,189,4,650.05,2,3,2,232,At Risk
12590,190,5,9330.48,2,3,4,234,High-Value At Risk
15918,190,3,582.88,2,2,2,222,At Risk
14453,190,1,119.93,2,1,1,211,Low Engagement
17578,190,10,1003.73,2,4,3,243,High-Value At Risk
16529,190,4,1986.80,2,3,3,233,High-Value At Risk
15658,190,13,1964.14,2,4,3,243,High-Value At Risk
17375,190,5,632.95,2,3,2,232,At Risk
16449,190,3,674.69,2,2,2,222,At Risk
14377,191,2,617.05,2,2,2,222,At Risk
17472,191,4,922.35,2,3,3,233,High-Value At Risk
17820,191,3,156.56,2,2,1,221,At Risk
13475,191,4,1431.78,2,3,3,233,High-Value At Risk
16424,191,3,392.06,2,2,2,222,At Risk
14740,191,13,4068.86,2,4,4,244,High-Value At Risk
13062,191,1,346.98,2,1,2,212,Low Engagement
13398,192,2,670.34,2,2,2,222,At Risk
16810,192,4,786.14,2,3,2,232,At Risk
13070,192,5,743.90,2,3,2,232,At Risk
18190,192,6,735.67,2,3,2,232,At Risk
17454,192,11,1532.64,2,4,3,243,High-Value At Risk
18231,192,30,6815.47,2,4,4,244,High-Value At Risk
12790,192,3,518.45,2,2,2,222,At Risk
16483,192,1,139.35,2,1,1,211,Low Engagement
15925,194,1,207.15,2,1,1,211,Low Engagement
17152,194,5,1830.50,2,3,3,233,High-Value At Risk
12426,194,3,1167.41,2,2,3,223,At Risk
17051,194,4,706.49,2,3,2,232,At Risk
16567,194,2,865.60,2,2,3,223,At Risk
16889,194,6,2526.65,2,3,4,234,High-Value At Risk
15897,194,2,208.59,2,2,1,221,At Risk
13135,196,2,3371.45,2,2,4,224,At Risk
14828,196,14,9803.46,2,4,4,244,High-Value At Risk
16323,196,2,353.66,2,2,2,222,At Risk
16275,196,3,2151.11,2,2,4,224,At Risk
12999,196,3,455.88,2,2,2,222,At Risk
14280,196,1,134.04,2,1,1,211,Low Engagement
16034,196,7,908.37,2,3,3,233,High-Value At Risk
13659,197,17,4706.43,2,4,4,244,High-Value At Risk
14816,197,1,271.85,2,1,1,211,Low Engagement
17550,197,10,2165.54,2,4,4,244,High-Value At Risk
16838,197,6,1126.66,2,3,3,233,High-Value At Risk
16356,197,7,414.42,2,3,2,232,At Risk
12974,197,2,408.95,2,2,2,222,At Risk
12547,197,3,299.58,2,2,1,221,At Risk
13479,198,7,808.50,2,3,2,232,At Risk
15729,198,5,154.70,2,3,1,231,At Risk
15882,198,10,1096.31,2,4,3,243,High-Value At Risk
17955,198,6,949.90,2,3,3,233,High-Value At Risk
14985,198,2,292.01,2,2,1,221,At Risk
14705,198,1,179.00,2,1,1,211,Low Engagement
14009,198,4,1090.23,2,3,3,233,High-Value At Risk
17770,198,5,1143.27,2,3,3,233,High-Value At Risk
16448,198,2,361.12,2,2,2,222,At Risk
18202,199,3,1396.99,2,2,3,223,At Risk
15314,199,4,800.65,2,3,2,232,At Risk
15042,199,2,315.45,2,2,1,221,At Risk
13737,200,1,339.60,2,1,2,212,Low Engagement
17715,200,2,489.60,2,2,2,222,At Risk
14817,200,9,3539.21,2,4,4,244,High-Value At Risk
13339,200,1,860.12,2,1,3,213,Low Engagement
13223,200,6,969.12,2,3,3,233,High-Value At Risk
15292,201,1,178.39,2,1,1,211,Low Engagement
14195,201,10,2401.40,2,4,4,244,High-Value At Risk
15705,201,1,143.10,2,1,1,211,Low Engagement
17176,201,3,902.32,2,2,3,223,At Risk
13227,201,1,257.70,2,1,1,211,Low Engagement
15724,201,5,299.80,2,3,1,231,At Risk
14647,201,2,506.04,2,2,2,222,At Risk
13151,203,5,2385.66,2,3,4,234,High-Value At Risk
17455,203,1,131.70,2,1,1,211,Low Engagement
13243,203,5,1220.38,2,3,3,233,High-Value At Risk
13391,203,1,59.80,2,1,1,211,Low Engagement
18048,203,3,394.93,2,2,2,222,At Risk
16226,203,5,672.17,2,3,2,232,At Risk
15648,204,4,584.75,2,3,2,232,At Risk
14896,204,10,1727.30,2,4,3,243,High-Value At Risk
14620,204,3,393.28,2,2,2,222,At Risk
17245,204,2,371.63,2,2,2,222,At Risk
17871,204,5,1068.95,2,3,3,233,High-Value At Risk
13762,204,6,2165.76,2,3,4,234,High-Value At Risk
12897,204,4,514.25,2,3,2,232,At Risk
13887,204,1,349.55,2,1,2,212,Low Engagement
12353,204,2,406.76,2,2,2,222,At Risk
17556,205,2,300.67,2,2,1,221,At Risk
12690,205,1,335.01,2,1,2,212,Low Engagement
16116,205,2,592.88,2,2,2,222,At Risk
13531,205,6,1433.07,2,3,3,233,High-Value At Risk
13572,205,1,1384.25,2,1,3,213,Low Engagement
13976,206,4,1192.36,2,3,3,233,High-Value At Risk
14320,206,7,1204.12,2,3,3,233,High-Value At Risk
17504,206,19,9238.42,2,4,4,244,High-Value At Risk
18218,206,6,1086.14,2,3,3,233,High-Value At Risk
14000,206,8,1877.59,2,4,3,243,High-Value At Risk
14489,207,4,1574.93,2,3,3,233,High-Value At Risk
15813,207,2,1303.91,2,2,3,223,At Risk
14888,207,1,369.20,2,1,2,212,Low Engagement
17263,208,1,63.44,2,1,1,211,Low Engagement
15333,208,1,1028.56,2,1,3,213,Low Engagement
14689,208,1,112.80,2,1,1,211,Low Engagement
12770,210,7,2981.45,2,3,4,234,High-Value At Risk
12857,210,7,3684.25,2,3,4,234,High-Value At Risk
14873,210,2,854.13,2,2,3,223,At Risk
13952,211,17,12790.89,2,4,4,244,High-Value At Risk
16943,211,7,816.73,2,3,2,232,At Risk
18133,211,2,931.50,2,2,3,223,At Risk
13837,211,2,266.59,2,2,1,221,At Risk
16244,211,2,1522.75,2,2,3,223,At Risk
16006,211,2,332.82,2,2,2,222,At Risk
14988,211,7,2038.65,2,3,3,233,High-Value At Risk
13235,211,2,1031.07,2,2,3,223,At Risk
17970,211,1,562.79,2,1,2,212,Low Engagement
12976,211,8,3156.38,2,3,4,234,High-Value At Risk
12625,211,5,4627.38,2,3,4,234,High-Value At Risk
17889,212,7,746.42,2,3,2,232,At Risk
13052,212,7,3118.48,2,3,4,234,High-Value At Risk
15079,212,17,3546.75,2,4,4,244,High-Value At Risk
16297,212,4,278.55,2,3,1,231,At Risk
15732,212,12,1499.42,2,4,3,243,High-Value At Risk
14149,212,3,259.43,2,2,1,221,At Risk
14288,212,2,413.85,2,2,2,222,At Risk
14920,212,3,1607.17,2,2,3,223,At Risk
16306,213,10,1094.72,2,4,3,243,High-Value At Risk
15381,213,6,1887.62,2,3,3,233,High-Value At Risk
15063,213,1,370.80,2,1,2,212,Low Engagement
17597,213,7,3425.29,2,3,4,234,High-Value At Risk
16431,213,3,623.28,2,2,2,222,At Risk
13990,213,1,311.30,2,1,1,211,Low Engagement
12888,214,4,313.77,2,3,1,231,At Risk
12821,214,2,220.80,2,2,1,221,At Risk
14699,214,4,702.60,2,3,2,232,At Risk
16756,214,9,1287.42,2,4,3,243,High-Value At Risk
18120,214,1,111.15,2,1,1,211,Low Engagement
12355,214,2,947.61,2,2,3,223,At Risk
13561,215,11,1803.40,2,4,3,243,High-Value At Risk
14353,215,3,376.50,2,2,2,222,At Risk
14161,215,7,2996.93,2,3,4,234,High-Value At Risk
13642,215,5,459.45,2,3,2,232,At Risk
15092,215,4,773.16,2,2,2,222,At Risk
18078,217,4,725.53,2,3,2,232,At Risk
15235,217,16,2772.76,2,4,4,244,High-Value At Risk
16319,217,1,404.40,2,1,2,212,Low Engagement
15552,217,2,252.52,2,2,1,221,At Risk
17548,217,6,486.48,2,3,2,232,At Risk
12414,217,8,442.41,2,3,2,232,At Risk
18227,217,3,93.75,2,2,1,221,At Risk
13723,217,6,1194.08,2,3,3,233,High-Value At Risk
15668,217,1,76.32,2,1,1,211,Low Engagement
17174,217,1,59.90,2,1,1,211,Low Engagement
17604,217,6,942.38,2,3,3,233,High-Value At Risk
14340,218,1,134.70,2,1,1,211,Low Engagement
16990,218,2,344.00,2,2,2,222,At Risk
16457,218,1,208.36,2,1,1,211,Low Engagement
15759,218,10,810.98,2,4,2,242,At Risk
18239,218,6,1712.26,2,3,3,233,High-Value At Risk
14423,218,4,914.96,2,3,3,233,High-Value At Risk
17374,218,4,711.21,2,3,2,232,At Risk
13711,218,15,1632.61,2,4,3,243,High-Value At Risk
14393,218,1,67.95,2,1,1,211,Low Engagement
16109,218,4,923.58,2,3,3,233,High-Value At Risk
18183,218,6,600.52,2,3,2,232,At Risk
17849,218,8,1063.76,2,3,3,233,High-Value At Risk
14697,218,2,188.61,2,2,1,221,At Risk
15147,218,2,608.65,2,2,2,222,At Risk
14199,218,6,916.50,2,3,3,233,High-Value At Risk
16714,218,7,1209.38,2,3,3,233,High-Value At Risk
13731,219,2,610.59,2,2,2,222,At Risk
16227,219,6,948.82,2,3,3,233,High-Value At Risk
17394,219,1,203.87,2,1,1,211,Low Engagement
17646,219,16,3843.16,2,4,4,244,High-Value At Risk
16610,219,1,75.66,2,1,1,211,Low Engagement
18220,219,11,1771.70,2,4,3,243,High-Value At Risk
17443,219,1,534.24,2,1,2,212,Low Engagement
17501,220,2,288.60,2,2,1,221,At Risk
16055,220,1,134.80,2,1,1,211,Low Engagement
16634,222,10,1198.30,2,4,3,243,High-Value At Risk
14304,222,5,1523.81,2,3,3,233,High-Value At Risk
16163,225,14,1822.03,2,4,3,243,High-Value At Risk
17893,225,1,107.21,2,1,1,211,Low Engagement
13229,225,1,160.95,2,1,1,211,Low Engagement
15143,225,2,563.63,2,2,2,222,At Risk
14271,225,2,214.18,2,2,1,221,At Risk
14022,225,2,792.15,2,2,2,222,At Risk
14311,225,3,435.90,2,2,2,222,At Risk
15210,225,3,1176.19,2,2,3,223,At Risk
17991,225,3,298.65,2,2,1,221,At Risk
15223,225,6,1117.10,2,3,3,233,High-Value At Risk
17187,226,2,467.71,2,2,2,222,At Risk
16965,226,1,192.07,2,1,1,211,Low Engagement
16698,226,2,1998.00,2,2,3,223,At Risk
15891,226,1,509.13,2,1,2,212,Low Engagement
16823,227,8,2236.14,2,3,4,234,High-Value At Risk
12573,227,5,717.41,2,3,2,232,At Risk
16834,227,2,898.96,2,2,3,223,At Risk
17670,227,1,205.70,2,1,1,211,Low Engagement
14586,227,3,134.16,2,2,1,221,At Risk
17277,227,2,1065.35,2,2,3,223,At Risk
13482,232,2,336.09,2,2,2,222,At Risk
14770,232,9,3624.89,2,4,4,244,High-Value At Risk
12506,232,1,73.50,2,1,1,211,Low Engagement
12354,232,1,1079.40,2,1,3,213,Low Engagement
12622,232,1,162.10,2,1,1,211,Low Engagement
16587,232,1,225.15,2,1,1,211,Low Engagement
17718,232,3,386.98,2,2,2,222,At Risk
17120,233,1,307.46,2,1,1,211,Low Engagement
13485,233,15,2953.92,2,4,4,244,High-Value At Risk
14148,233,2,466.29,2,2,2,222,At Risk
15655,233,2,511.32,2,2,2,222,At Risk
15517,233,1,267.03,2,1,1,211,Low Engagement
17946,233,2,149.58,2,2,1,221,At Risk
15135,233,3,293.78,2,2,1,221,At Risk
15225,234,1,409.40,2,1,2,212,Low Engagement
17217,234,2,210.10,2,2,1,221,At Risk
14326,234,4,923.98,2,3,3,233,High-Value At Risk
14672,234,4,1113.14,2,3,3,233,High-Value At Risk
13101,234,4,695.40,2,3,2,232,At Risk
12585,234,4,1766.81,2,3,3,233,High-Value At Risk
14242,234,2,280.55,2,2,1,221,At Risk
12733,234,6,2325.97,2,3,4,234,High-Value At Risk
14339,234,5,604.48,2,3,2,232,At Risk
17746,234,7,873.43,2,3,3,233,High-Value At Risk
15717,234,5,607.00,2,3,2,232,At Risk
18009,235,14,2065.48,2,4,3,243,High-Value At Risk
16217,235,4,266.45,2,3,1,231,At Risk
15973,235,5,457.57,2,3,2,232,At Risk
16947,235,10,906.31,2,4,3,243,High-Value At Risk
12754,235,5,3010.74,2,3,4,234,High-Value At Risk
15749,235,4,21535.90,2,3,4,234,High-Value At Risk
16617,235,1,151.85,2,1,1,211,Low Engagement
13474,236,3,646.59,2,2,2,222,At Risk
17697,236,1,338.95,2,1,2,212,Low Engagement
18213,236,1,232.48,2,1,1,211,Low Engagement
14532,236,12,3833.03,2,4,4,244,High-Value At Risk
17990,236,7,1522.57,2,3,3,233,High-Value At Risk
17582,236,6,1429.95,2,3,3,233,High-Value At Risk
16193,236,2,630.43,2,2,2,222,At Risk
13120,238,1,30.60,2,1,1,211,Low Engagement
12769,238,1,1143.60,2,1,3,213,Low Engagement
12639,238,3,1072.37,2,2,3,223,At Risk
15246,238,3,780.40,2,2,2,222,At Risk
12582,238,4,1820.40,2,3,3,233,High-Value At Risk
17367,238,1,167.55,2,1,1,211,Low Engagement
12982,239,17,2562.12,2,4,4,244,High-Value At Risk
15230,239,2,429.60,2,2,2,222,At Risk
14154,239,10,6263.60,2,4,4,244,High-Value At Risk
15935,239,3,-200.78,2,2,1,221,At Risk
17362,239,8,1010.54,2,3,3,233,High-Value At Risk
14206,239,5,1145.21,2,3,3,233,High-Value At Risk
15212,239,3,195.43,2,2,1,221,At Risk
15139,239,2,178.96,2,2,1,221,At Risk
17601,239,2,412.66,2,2,2,222,At Risk
16957,239,2,416.64,2,2,2,222,At Risk
14619,239,3,1276.31,2,2,3,223,At Risk
17142,239,4,1275.25,2,3,3,233,High-Value At Risk
15109,240,4,961.90,2,3,3,233,High-Value At Risk
13221,240,2,844.86,2,2,3,223,At Risk
13740,240,5,1582.77,2,3,3,233,High-Value At Risk
16097,240,1,185.05,2,1,1,211,Low Engagement
14669,241,7,3216.78,2,3,4,234,High-Value At Risk
17278,241,2,271.24,2,2,1,221,At Risk
15363,241,3,670.16,2,2,2,222,At Risk
16697,241,1,112.75,2,1,1,211,Low Engagement
13484,241,4,767.32,2,3,2,232,At Risk
15777,241,9,1732.16,2,4,3,243,High-Value At Risk
17972,241,1,135.19,2,1,1,211,Low Engagement
14616,242,5,527.78,2,3,2,232,At Risk
17574,242,1,185.65,2,1,1,211,Low Engagement
16552,242,2,379.73,2,2,2,222,At Risk
13501,242,5,2840.26,2,3,4,234,High-Value At Risk
12447,243,1,431.49,2,1,2,212,Low Engagement
18129,243,1,112.55,2,1,1,211,Low Engagement
13570,243,1,239.49,2,1,1,211,Low Engagement
13508,243,2,287.05,2,2,1,221,At Risk
14924,245,3,931.01,2,2,3,223,At Risk
16643,245,3,915.56,2,2,3,223,At Risk
17035,245,5,568.39,2,3,2,232,At Risk
16623,245,5,1002.49,2,3,3,233,High-Value At Risk
16010,245,12,1692.91,2,4,3,243,High-Value At Risk
15119,245,1,266.40,2,1,1,211,Low Engagement
15775,245,2,150.50,2,2,1,221,At Risk
13863,245,6,1217.63,2,3,3,233,High-Value At Risk
14981,246,3,313.52,2,2,1,221,At Risk
14465,246,11,3925.85,2,4,4,244,High-Value At Risk
13712,246,2,766.42,2,1,2,212,Low Engagement
13718,246,2,306.55,2,2,1,221,At Risk
16144,246,1,175.20,2,1,1,211,Low Engagement
12580,246,2,962.90,2,2,3,223,At Risk
17438,247,6,1412.62,2,3,3,233,High-Value At Risk
14220,247,4,1515.00,2,3,3,233,High-Value At Risk
14964,247,1,206.21,2,1,1,211,Low Engagement
14747,247,2,294.30,2,2,1,221,At Risk
17140,247,1,454.12,2,1,2,212,Low Engagement
16378,247,3,362.95,2,2,2,222,At Risk
17906,247,1,72.90,2,1,1,211,Low Engagement
15917,247,5,530.17,2,3,2,232,At Risk
16586,248,3,1462.78,2,2,3,223,At Risk
17492,248,3,1122.42,2,2,3,223,At Risk
18108,248,4,842.46,2,3,3,233,High-Value At Risk
15442,248,1,594.00,2,1,2,212,Low Engagement
16105,248,5,2386.19,2,3,4,234,High-Value At Risk
16142,249,1,535.34,2,1,2,212,Low Engagement
13059,249,12,2261.22,2,4,4,244,High-Value At Risk
17956,249,1,12.75,2,1,1,211,Low Engagement
12755,249,22,2629.50,2,4,4,244,High-Value At Risk
18185,249,1,304.25,2,1,1,211,Low Engagement
13781,250,4,770.88,2,3,2,232,At Risk
17701,252,1,417.95,2,1,2,212,Low Engagement
13841,252,1,85.00,2,1,1,211,Low Engagement
13626,252,3,689.49,2,2,2,222,At Risk
17580,252,5,538.07,2,3,2,232,At Risk
14886,252,1,364.80,2,1,2,212,Low Engagement
16162,252,1,37.40,2,1,1,211,Low Engagement
15589,252,4,456.58,2,3,2,232,At Risk
15691,252,5,511.80,2,3,2,232,At Risk
16619,253,5,1916.53,2,3,3,233,High-Value At Risk
14957,253,2,261.69,2,2,1,221,At Risk
15894,253,2,257.60,2,2,1,221,At Risk
13060,253,1,307.53,2,1,1,211,Low Engagement
14890,253,3,817.25,2,2,2,222,At Risk
17212,253,3,794.41,2,2,2,222,At Risk
13043,253,2,471.57,2,2,2,222,At Risk
14479,253,4,1124.71,2,3,3,233,High-Value At Risk
14256,254,9,2384.14,2,4,4,244,High-Value At Risk
15353,254,8,2772.57,2,3,4,234,High-Value At Risk
17775,254,1,56.40,2,1,1,211,Low Engagement
15832,254,1,836.79,2,1,3,213,Low Engagement
15528,254,1,229.33,2,1,1,211,Low Engagement
15424,254,3,597.78,2,2,2,222,At Risk
13803,255,4,1319.11,2,3,3,233,High-Value At Risk
13439,255,3,986.61,2,2,3,223,At Risk
16980,255,3,1422.83,2,2,3,223,At Risk
15083,256,1,88.20,2,1,1,211,Low Engagement
18010,256,1,174.80,2,1,1,211,Low Engagement
13649,256,6,1453.68,2,3,3,233,High-Value At Risk
15032,256,10,10515.05,2,4,4,244,High-Value At Risk
16692,256,4,1764.70,2,3,3,233,High-Value At Risk
13368,256,5,986.10,2,3,3,233,High-Value At Risk
12792,256,3,715.01,2,2,2,222,At Risk
13357,257,5,3795.01,2,3,4,234,High-Value At Risk
16256,257,4,1559.57,2,3,3,233,High-Value At Risk
14476,257,1,193.00,2,1,1,211,Low Engagement
18071,257,6,1169.68,2,3,3,233,High-Value At Risk
14536,259,1,170.95,2,1,1,211,Low Engagement
13452,259,3,729.80,2,2,2,222,At Risk
16022,260,1,602.63,2,1,2,212,Low Engagement
16769,260,4,1117.05,2,3,3,233,High-Value At Risk
16063,260,1,335.32,2,1,2,212,Low Engagement
14348,260,1,409.57,2,1,2,212,Low Engagement
15178,260,1,40.50,2,1,1,211,Low Engagement
17698,260,1,154.95,2,1,1,211,Low Engagement
12811,260,5,893.90,2,3,3,233,High-Value At Risk
13341,260,1,775.85,2,1,2,212,Low Engagement
13512,260,4,713.39,2,3,2,232,At Risk
12564,261,1,402.90,2,1,2,212,Low Engagement
14870,261,9,1794.60,2,4,3,243,High-Value At Risk
17507,261,2,605.58,2,2,2,222,At Risk
16250,261,3,565.24,2,2,2,222,At Risk
13132,261,1,77.30,2,1,1,211,Low Engagement
17102,261,1,25.50,2,1,1,211,Low Engagement
17486,261,1,396.87,2,1,2,212,Low Engagement
18191,261,2,529.40,2,2,2,222,At Risk
13239,261,6,1579.84,2,3,3,233,High-Value At Risk
15457,262,1,237.07,2,1,1,211,Low Engagement
15437,262,2,393.45,2,2,2,222,At Risk
16135,262,2,819.45,2,2,3,223,At Risk
12831,262,3,451.11,2,2,2,222,At Risk
14632,262,1,114.56,2,1,1,211,Low Engagement
16721,262,1,292.47,2,1,1,211,Low Engagement
13934,263,1,922.10,2,1,3,213,Low Engagement
17763,263,5,51.15,2,3,1,231,At Risk
17678,263,3,579.81,2,2,2,222,At Risk
13262,263,3,573.45,2,2,2,222,At Risk
16427,263,2,241.06,2,2,1,221,At Risk
14762,263,2,417.57,2,2,2,222,At Risk
18224,263,1,158.95,2,1,1,211,Low Engagement
15445,264,2,284.50,2,2,1,221,At Risk
17230,264,23,9159.45,2,4,4,244,High-Value At Risk
15408,264,1,267.18,2,1,1,211,Low Engagement
16096,264,4,1584.97,2,3,3,233,High-Value At Risk
16402,264,2,293.45,2,2,1,221,At Risk
12902,264,1,138.68,2,1,1,211,Low Engagement
15703,264,1,211.50,2,1,1,211,Low Engagement
14693,264,8,1139.86,2,3,3,233,High-Value At Risk
14155,266,1,118.75,2,1,1,211,Low Engagement
14041,266,1,141.41,2,1,1,211,Low Engagement
14066,266,1,152.55,2,1,1,211,Low Engagement
13072,266,1,177.15,2,1,1,211,Low Engagement
14059,266,1,183.60,2,1,1,211,Low Engagement
16716,266,4,1568.28,2,3,3,233,High-Value At Risk
17060,266,1,234.24,2,1,1,211,Low Engagement
15695,266,4,1131.04,2,3,3,233,High-Value At Risk
15019,266,1,252.81,2,1,1,211,Low Engagement
14633,266,1,344.90,2,1,2,212,Low Engagement
12514,267,2,1597.76,2,2,3,223,At Risk
13185,267,1,71.40,2,1,1,211,Low Engagement
13216,267,1,333.74,2,1,2,212,Low Engagement
16976,267,1,251.52,2,1,1,211,Low Engagement
13093,267,88,53283.30,2,4,4,244,High-Value At Risk
13707,267,5,3365.86,2,3,4,234,High-Value At Risk
16377,267,2,1308.48,2,2,3,223,At Risk
16216,267,1,914.93,2,1,3,213,Low Engagement
14081,267,16,4747.52,2,4,4,244,High-Value At Risk
12845,267,4,354.09,2,3,2,232,At Risk
14840,267,3,340.21,2,2,2,222,At Risk
13261,268,2,944.10,2,2,3,223,At Risk
13358,268,1,389.03,2,1,2,212,Low Engagement
13299,268,5,1173.30,2,3,3,233,High-Value At Risk
16152,268,1,1829.04,2,1,3,213,Low Engagement
15047,269,1,343.62,2,1,2,212,Low Engagement
16061,269,3,44.95,2,2,1,221,At Risk
16037,269,7,1489.44,2,3,3,233,High-Value At Risk
17542,269,3,340.85,2,2,2,222,At Risk
13716,269,1,138.28,2,1,1,211,Low Engagement
13121,269,2,254.73,2,2,1,221,At Risk
16392,269,3,755.45,2,2,2,222,At Risk
15308,270,2,302.27,2,2,1,221,At Risk
14962,270,4,366.91,2,3,2,232,At Risk
14350,270,4,947.80,2,3,3,233,High-Value At Risk
15388,270,1,140.54,2,1,1,211,Low Engagement
13708,271,1,283.33,2,1,1,211,Low Engagement
17194,273,3,776.66,2,2,2,222,At Risk
14114,273,7,1364.09,2,3,3,233,High-Value At Risk
15049,273,1,121.17,2,1,1,211,Low Engagement
13226,273,2,312.46,2,2,1,221,At Risk
13133,273,3,200.45,2,2,1,221,At Risk
16766,273,2,1145.60,2,2,3,223,At Risk
16471,274,6,1186.18,2,3,3,233,High-Value At Risk
18086,274,1,101.34,2,1,1,211,Low Engagement
16625,274,6,1651.08,2,3,3,233,High-Value At Risk
14603,274,1,660.00,2,1,2,212,Low Engagement
14727,274,4,291.13,2,3,1,231,At Risk
14165,275,1,120.44,2,1,1,211,Low Engagement
17138,275,7,4417.27,2,3,4,234,High-Value At Risk
15057,275,6,3184.56,2,3,4,234,High-Value At Risk
13493,275,2,498.63,2,2,2,222,At Risk
12881,275,1,298.00,2,1,1,211,Low Engagement
17639,276,6,615.17,2,3,2,232,At Risk
12623,276,9,3315.84,2,4,4,244,High-Value At Risk
15944,276,4,2164.24,2,3,4,234,High-Value At Risk
15234,276,1,197.00,2,1,1,211,Low Engagement
16917,276,3,1842.93,2,2,3,223,At Risk
13345,276,2,327.60,2,2,2,222,At Risk
12614,277,1,315.60,2,1,1,211,Low Engagement
16598,277,2,140.70,2,2,1,221,At Risk
15869,277,3,321.11,2,2,2,222,At Risk
15554,277,1,217.20,2,1,1,211,Low Engagement
18280,277,3,472.45,2,2,2,222,At Risk
17654,277,1,117.55,2,1,1,211,Low Engagement
16517,277,1,162.70,2,1,1,211,Low Engagement
14048,277,4,713.89,2,3,2,232,At Risk
14012,277,1,328.80,2,1,2,212,Low Engagement
14247,278,6,750.61,2,3,2,232,At Risk
14670,280,3,583.33,2,2,2,222,At Risk
14779,280,3,386.15,2,2,2,222,At Risk
13382,280,5,1387.58,2,3,3,233,High-Value At Risk
17325,280,3,609.57,2,2,2,222,At Risk
17535,280,1,164.40,2,1,1,211,Low Engagement
14570,280,3,512.40,2,2,2,222,At Risk
17508,280,9,4546.78,2,4,4,244,High-Value At Risk
15087,281,1,306.94,2,1,1,211,Low Engagement
13715,281,21,8108.09,2,4,4,244,High-Value At Risk
12565,281,2,131.17,2,2,1,221,At Risk
15257,281,3,600.90,2,2,2,222,At Risk
16159,281,5,1230.29,2,3,3,233,High-Value At Risk
17995,281,3,495.48,2,2,2,222,At Risk
17789,281,2,397.15,2,2,2,222,At Risk
12817,281,3,570.98,2,2,2,222,At Risk
16792,282,5,623.46,2,3,2,232,At Risk
15733,282,1,162.30,2,1,1,211,Low Engagement
13166,282,3,873.43,2,2,3,223,At Risk
12873,282,3,2027.30,2,2,3,223,At Risk
12834,282,1,312.38,2,1,1,211,Low Engagement
13497,282,7,1139.83,2,3,3,233,High-Value At Risk
17923,282,3,497.00,2,2,2,222,At Risk
15319,283,1,204.50,2,1,1,211,Low Engagement
15709,283,2,327.85,2,2,2,222,At Risk
16078,283,2,362.99,2,1,2,212,Low Engagement
12866,283,3,1092.35,2,2,3,223,At Risk
15456,283,10,2091.52,2,4,3,243,High-Value At Risk
16339,284,1,94.05,2,1,1,211,Low Engagement
12509,284,1,158.50,2,1,1,211,Low Engagement
14036,284,1,626.65,2,1,2,212,Low Engagement
14046,284,1,151.59,2,1,1,211,Low Engagement
17165,284,8,1783.63,2,3,3,233,High-Value At Risk
13684,285,6,544.42,2,3,2,232,At Risk
12361,287,4,451.25,2,3,2,232,At Risk
13753,287,4,2094.57,2,3,3,233,High-Value At Risk
13973,287,1,264.70,2,1,1,211,Low Engagement
13751,288,1,296.25,2,1,1,211,Low Engagement
16072,288,4,4180.09,2,3,4,234,High-Value At Risk
16997,288,3,702.00,2,2,2,222,At Risk
17117,288,1,116.20,2,1,1,211,Low Engagement
18056,288,3,539.75,2,2,2,222,At Risk
12945,288,2,900.11,2,2,3,223,At Risk
15543,288,2,242.26,2,2,1,221,At Risk
15397,289,1,94.00,2,1,1,211,Low Engagement
15590,289,6,1496.60,2,3,3,233,High-Value At Risk
17499,289,3,1296.84,2,2,3,223,At Risk
17171,289,2,384.59,2,2,2,222,At Risk
18068,289,1,101.70,2,1,1,211,Low Engagement
12852,290,2,299.75,2,2,1,221,At Risk
16349,290,1,53.50,2,1,1,211,Low Engagement
16546,290,7,4421.04,2,3,4,234,High-Value At Risk
16913,290,3,423.91,2,2,2,222,At Risk
15303,290,4,1178.78,2,2,3,223,At Risk
18114,290,1,220.10,2,1,1,211,Low Engagement
12707,291,1,603.42,2,1,2,212,Low Engagement
13044,291,13,4818.35,2,4,4,244,High-Value At Risk
12365,291,3,320.69,2,2,2,222,At Risk
16073,291,2,94.35,2,2,1,221,At Risk
12988,292,1,505.82,2,1,2,212,Low Engagement
13932,294,1,307.40,2,1,1,211,Low Engagement
14760,294,2,53.80,2,2,1,221,At Risk
16765,294,2,454.75,2,2,2,222,At Risk
14371,295,1,100.50,2,1,1,211,Low Engagement
18138,295,1,152.65,2,1,1,211,Low Engagement
16509,296,1,363.70,2,1,2,212,Low Engagement
16494,296,1,826.53,2,1,3,213,Low Engagement
15670,296,3,315.20,2,2,1,221,At Risk
14386,296,1,142.40,2,1,1,211,Low Engagement
16148,296,4,370.37,2,3,2,232,At Risk
14935,297,2,2849.83,2,2,4,224,At Risk
13893,297,1,821.10,2,1,3,213,Low Engagement
14176,297,6,753.56,2,3,2,232,At Risk
16738,297,1,3.75,2,1,1,211,Low Engagement
17829,298,6,4680.42,2,3,4,234,High-Value At Risk
14431,298,5,2567.10,2,3,4,234,High-Value At Risk
15236,298,1,321.05,2,1,2,212,Low Engagement
16084,299,1,436.18,2,1,2,212,Low Engagement
16897,299,3,213.03,2,2,1,221,At Risk
14497,301,3,679.16,2,2,2,222,At Risk
13672,301,7,233.53,2,3,1,231,At Risk
17334,301,4,634.73,2,3,2,232,At Risk
18250,301,2,342.92,2,2,2,222,At Risk
12943,301,4,489.00,2,3,2,232,At Risk
12410,301,4,761.46,2,3,2,232,At Risk
13819,301,7,2631.10,2,3,4,234,High-Value At Risk
15638,301,9,2137.20,2,4,3,243,High-Value At Risk
12505,301,3,744.50,2,2,2,222,At Risk
18159,301,1,530.15,2,1,2,212,Low Engagement
13706,302,2,631.17,2,2,2,222,At Risk
16725,302,16,1675.41,2,4,3,243,High-Value At Risk
17850,302,159,50407.77,2,4,4,244,High-Value At Risk
16403,302,2,161.05,2,2,1,221,At Risk
12561,302,1,238.85,2,1,1,211,Low Engagement
16405,302,2,167.25,2,1,1,211,Low Engagement
16425,302,1,302.70,2,1,1,211,Low Engagement
15970,303,2,1017.32,2,2,3,223,At Risk
12401,303,1,69.30,2,1,1,211,Low Engagement
15843,303,1,118.95,2,1,1,211,Low Engagement
17358,303,5,861.01,2,3,3,233,High-Value At Risk
17843,303,2,312.65,2,2,1,221,At Risk
15753,304,1,79.20,2,1,1,211,Low Engagement
17881,304,1,133.35,2,1,1,211,Low Engagement
17859,304,1,141.92,2,1,1,211,Low Engagement
14600,305,2,865.17,2,2,3,223,At Risk
13809,305,3,679.70,2,2,2,222,At Risk
13584,306,5,340.40,2,3,2,232,At Risk
12956,306,4,521.89,2,3,2,232,At Risk
14438,306,1,131.90,2,1,1,211,Low Engagement
17392,306,3,579.92,2,2,2,222,At Risk
15808,306,24,17038.95,2,4,4,244,High-Value At Risk
17291,308,1,550.80,2,1,2,212,Low Engagement
17226,308,3,895.47,2,2,3,223,At Risk
15090,308,1,381.32,2,1,2,212,Low Engagement
13963,308,18,2748.32,2,4,4,244,High-Value At Risk
17517,308,1,153.94,2,1,1,211,Low Engagement
13581,309,2,280.53,2,2,1,221,At Risk
13800,309,3,1679.56,2,2,3,223,At Risk
16030,309,1,331.24,2,1,2,212,Low Engagement
14457,310,1,113.64,2,1,1,211,Low Engagement
17912,310,7,356.20,2,3,2,232,At Risk
15226,310,1,154.41,2,1,1,211,Low Engagement
14411,310,1,1063.00,2,1,3,213,Low Engagement
17223,310,3,523.04,2,2,2,222,At Risk
12350,310,1,294.40,2,1,1,211,Low Engagement
12559,310,3,500.21,2,2,2,222,At Risk
14549,311,4,913.60,2,3,3,233,High-Value At Risk
12373,311,3,927.65,2,2,3,223,At Risk
17356,311,5,946.47,2,3,3,233,High-Value At Risk
15940,311,3,4.00,2,2,1,221,At Risk
15107,311,12,752.60,2,4,2,242,At Risk
13494,311,1,316.26,2,1,1,211,Low Engagement
14627,311,3,406.40,2,2,2,222,At Risk
14496,311,10,2341.54,2,4,4,244,High-Value At Risk
14850,311,9,1599.76,2,4,3,243,High-Value At Risk
17239,312,6,1174.15,2,3,3,233,High-Value At Risk
15448,312,2,788.81,2,2,2,222,At Risk
18095,312,5,2303.09,2,3,4,234,High-Value At Risk
13506,312,8,1308.53,2,3,3,233,High-Value At Risk
15881,312,8,438.24,2,4,2,242,At Risk
17619,312,1,214.37,2,1,1,211,Low Engagement
13600,312,2,518.42,2,2,2,222,At Risk
13615,312,12,6212.23,2,4,4,244,High-Value At Risk
13161,313,2,472.13,2,2,2,222,At Risk
15415,313,1,559.61,2,1,2,212,Low Engagement
17062,313,7,880.81,2,3,3,233,High-Value At Risk
17431,313,1,403.30,2,1,2,212,Low Engagement
12735,315,2,689.57,2,2,2,222,At Risk
12574,315,1,182.45,2,1,1,211,Low Engagement
12501,315,2,1945.68,2,2,3,223,At Risk
12377,315,4,3266.32,2,3,4,234,High-Value At Risk
12764,316,1,1693.88,2,1,3,213,Low Engagement
13328,316,1,1308.48,2,1,3,213,Low Engagement
16124,316,6,1709.39,2,3,3,233,High-Value At Risk
17118,317,1,157.02,2,1,1,211,Low Engagement
15661,317,8,1215.95,2,3,3,233,High-Value At Risk
12591,317,3,1114.95,2,2,3,223,At Risk
13703,318,3,99.50,2,2,1,221,At Risk
14248,318,3,1032.95,2,2,3,223,At Risk
15222,318,17,3415.66,2,4,4,244,High-Value At Risk
15213,318,3,325.05,2,2,2,222,At Risk
13002,318,3,414.13,2,2,2,222,At Risk
16222,318,2,1272.05,2,2,3,223,At Risk
16757,318,2,270.48,2,2,1,221,At Risk
17094,318,3,370.40,2,2,2,222,At Risk
13551,319,2,244.20,2,2,1,221,At Risk
15820,319,1,206.98,2,1,1,211,Low Engagement
14782,319,1,200.10,2,1,1,211,Low Engagement
14439,319,5,9443.04,2,3,4,234,High-Value At Risk
14368,319,1,155.00,2,1,1,211,Low Engagement
15052,319,1,207.73,2,1,1,211,Low Engagement
14130,319,4,1858.77,2,3,3,233,High-Value At Risk
15167,320,5,1627.62,2,3,3,233,High-Value At Risk
17714,320,9,1376.58,2,4,3,243,High-Value At Risk
14068,320,5,1493.32,2,3,3,233,High-Value At Risk
13284,322,2,196.15,2,2,1,221,At Risk
15174,322,2,481.46,2,2,2,222,At Risk
12829,322,4,345.35,2,3,2,232,At Risk
12652,322,3,885.58,2,2,3,223,At Risk
16387,322,5,882.46,2,3,3,233,High-Value At Risk
17890,322,2,586.89,2,2,2,222,At Risk
12402,323,7,1124.15,2,3,3,233,High-Value At Risk
15422,323,8,1615.02,2,4,3,243,High-Value At Risk
15262,323,3,418.82,2,2,2,222,At Risk
13008,323,7,543.28,2,3,2,232,At Risk
17862,323,4,1254.89,2,3,3,233,High-Value At Risk
14090,324,1,76.32,2,1,1,211,Low Engagement
15171,324,2,1034.50,2,2,3,223,At Risk
12665,324,5,247.45,2,3,1,231,At Risk
18233,325,1,440.00,2,1,2,212,Low Engagement
13693,325,13,1966.32,2,4,3,243,High-Value At Risk
15395,325,1,107.45,2,1,1,211,Low Engagement
12346,325,17,169.36,2,4,1,241,At Risk
13898,325,2,686.40,2,2,2,222,At Risk
15316,326,1,165.00,2,1,1,211,Low Engagement
18212,326,2,514.37,2,2,2,222,At Risk
13859,326,2,515.86,2,2,2,222,At Risk
14238,326,3,434.23,2,2,2,222,At Risk
12872,326,13,3276.81,2,4,4,244,High-Value At Risk
12672,329,3,380.50,2,2,2,222,At Risk
13385,329,1,534.57,2,1,2,212,Low Engagement
18106,329,6,1441.06,2,3,3,233,High-Value At Risk
15100,330,14,1750.10,2,4,3,243,High-Value At Risk
18085,330,4,1341.85,2,3,3,233,High-Value At Risk
15447,330,6,484.93,2,3,2,232,At Risk
16315,330,2,402.71,2,2,2,222,At Risk
17406,330,18,3874.00,2,4,4,244,High-Value At Risk
15510,330,1,250.00,2,1,1,211,Low Engagement
14270,331,1,492.65,2,1,2,212,Low Engagement
14185,331,1,197.65,2,1,1,211,Low Engagement
15346,332,4,591.65,2,3,2,232,At Risk
13144,332,2,135.35,2,2,1,221,At Risk
12736,332,1,144.00,2,1,1,211,Low Engagement
16351,332,18,3279.13,2,4,4,244,High-Value At Risk
17569,332,1,344.14,2,1,2,212,Low Engagement
15326,333,10,1529.82,2,4,3,243,High-Value At Risk
16850,333,1,332.41,2,1,2,212,Low Engagement
12793,334,3,745.53,2,2,2,222,At Risk
17128,334,1,157.09,2,1,1,211,Low Engagement
12651,334,5,365.30,2,3,2,232,At Risk
18032,334,1,73.50,2,1,1,211,Low Engagement
14889,336,1,135.90,2,1,1,211,Low Engagement
15607,336,13,1616.37,2,4,3,243,High-Value At Risk
15649,336,4,1660.35,2,3,3,233,High-Value At Risk
12489,336,1,298.93,2,1,1,211,Low Engagement
15823,337,6,3047.76,2,3,4,234,High-Value At Risk
13187,337,5,309.66,2,3,1,231,At Risk
12503,337,2,896.00,2,2,3,223,At Risk
12386,337,2,401.90,2,2,2,222,At Risk
15266,338,6,852.21,2,3,3,233,High-Value At Risk
15464,338,1,1044.65,2,1,3,213,Low Engagement
16282,339,3,1307.58,2,2,3,223,At Risk
13304,351,7,1120.79,2,3,3,233,High-Value At Risk
15562,351,3,671.43,2,2,2,222,At Risk
13922,351,5,826.65,2,3,3,233,High-Value At Risk
12734,352,3,603.65,2,2,2,222,At Risk
18176,353,2,448.65,2,2,2,222,At Risk
16270,353,1,1141.24,2,1,3,213,Low Engagement
12515,353,1,278.70,2,1,1,211,Low Engagement
14119,354,3,163.47,2,2,1,221,At Risk
13369,354,2,213.75,2,2,1,221,At Risk
15460,354,1,214.26,2,1,1,211,Low Engagement
18256,354,2,60.60,2,2,1,221,At Risk
15279,354,7,1554.84,2,3,3,233,High-Value At Risk
17343,355,6,1259.94,2,3,3,233,High-Value At Risk
15204,357,1,316.58,2,1,1,211,Low Engagement
15160,357,4,589.27,2,3,2,232,At Risk
13033,357,2,220.55,2,2,1,221,At Risk
12551,357,1,168.00,2,1,1,211,Low Engagement
15789,358,7,1932.01,2,3,3,233,High-Value At Risk
18269,358,2,138.90,2,2,1,221,At Risk
17691,358,5,627.35,2,3,2,232,At Risk
14373,358,1,76.55,2,1,1,211,Low Engagement
13874,358,10,1989.20,2,4,3,243,High-Value At Risk
15224,358,8,837.26,2,3,3,233,High-Value At Risk
17496,358,5,1385.89,2,3,3,233,High-Value At Risk
17551,359,1,290.34,2,1,1,211,Low Engagement
13295,359,9,1061.27,2,4,3,243,High-Value At Risk
13829,359,2,0.00,2,2,1,221,At Risk
18050,359,2,412.06,2,2,2,222,At Risk
17525,359,3,1161.90,2,2,3,223,At Risk
17752,359,1,80.64,2,1,1,211,Low Engagement
12666,359,2,1020.98,2,2,3,223,At Risk
18141,360,4,838.57,2,3,3,233,High-Value At Risk
13948,360,5,536.86,2,3,2,232,At Risk
16499,360,13,2509.64,2,4,4,244,High-Value At Risk
16812,360,5,2216.80,2,3,4,234,High-Value At Risk
16262,360,3,677.78,2,2,2,222,At Risk
16202,360,11,2467.04,2,4,4,244,High-Value At Risk
12797,360,6,387.43,2,3,2,232,At Risk
17524,361,4,508.90,2,3,2,232,At Risk
15361,361,4,689.07,2,3,2,232,At Risk
17303,361,1,250.04,2,1,1,211,Low Engagement
18004,362,1,157.92,2,1,1,211,Low Engagement
15454,362,2,303.89,2,2,1,221,At Risk
15503,362,2,257.30,2,2,1,221,At Risk
14413,362,4,421.72,2,3,2,232,At Risk
16665,362,1,135.40,2,1,1,211,Low Engagement
17251,362,4,790.28,2,3,2,232,At Risk
16565,364,5,700.45,2,3,2,232,At Risk
16727,364,4,1377.77,2,3,3,233,High-Value At Risk
15723,364,4,930.70,2,3,3,233,High-Value At Risk
17880,364,3,824.92,2,2,3,223,At Risk
14082,364,2,413.36,2,2,2,222,At Risk
17307,365,15,3378.31,2,4,4,244,High-Value At Risk
14355,365,3,840.05,2,2,3,223,At Risk
16781,365,3,606.40,2,2,2,222,At Risk
17978,365,4,1159.99,2,3,3,233,High-Value At Risk
15945,365,4,646.27,2,3,2,232,At Risk
17456,365,2,975.56,2,2,3,223,At Risk
14932,365,2,566.13,2,2,2,222,At Risk
12605,365,5,1117.45,2,3,3,233,High-Value At Risk
16795,365,5,2035.21,2,3,3,233,High-Value At Risk
16065,365,10,1975.13,2,4,3,243,High-Value At Risk
16579,365,2,264.45,2,2,1,221,At Risk
16252,366,2,0.00,2,2,1,221,At Risk
15221,366,7,1702.00,2,3,3,233,High-Value At Risk
12441,366,1,155.55,2,1,1,211,Low Engagement
16858,366,16,4085.74,2,4,4,244,High-Value At Risk
13370,366,2,721.32,2,2,2,222,At Risk
16893,366,2,249.47,2,2,1,221,At Risk
15332,366,6,4892.68,2,3,4,234,High-Value At Risk
12870,366,4,1662.05,2,3,3,233,High-Value At Risk
14821,366,7,1230.15,2,3,3,233,High-Value At Risk
16679,366,3,663.31,2,2,2,222,At Risk
13270,366,1,590.00,2,1,2,212,Low Engagement
15347,366,6,1132.30,2,3,3,233,High-Value At Risk
13807,367,4,397.30,2,3,2,232,At Risk
18119,367,1,180.70,2,1,1,211,Low Engagement
13786,367,8,3112.99,2,4,4,244,High-Value At Risk
15180,367,3,816.93,2,2,2,222,At Risk
16125,367,14,4292.35,2,4,4,244,High-Value At Risk
15899,368,1,56.25,2,1,1,211,Low Engagement
18113,368,1,76.32,2,1,1,211,Low Engagement
16138,368,4,902.40,2,3,3,233,High-Value At Risk
17860,368,4,717.39,2,3,2,232,At Risk
16658,368,9,563.48,2,4,2,242,At Risk
16718,369,5,3006.08,2,3,4,234,High-Value At Risk
15880,369,2,299.03,2,2,1,221,At Risk
14813,369,4,888.91,2,3,3,233,High-Value At Risk
16926,371,6,1158.66,2,3,3,233,High-Value At Risk
14213,371,2,0.00,2,2,1,221,At Risk
14679,371,5,1272.95,2,3,3,233,High-Value At Risk
12725,371,4,1906.76,2,3,3,233,High-Value At Risk
14589,371,1,39.75,2,1,1,211,Low Engagement
12686,371,1,71.14,2,1,1,211,Low Engagement
17967,371,2,223.42,2,2,1,221,At Risk
13958,372,12,4504.78,2,4,4,244,High-Value At Risk
13011,372,1,50.55,2,1,1,211,Low Engagement
16754,372,35,54692.82,2,4,4,244,High-Value At Risk
15923,372,1,127.08,2,1,1,211,Low Engagement
12738,372,1,137.35,2,1,1,211,Low Engagement
17547,372,4,692.35,2,3,2,232,At Risk
16752,372,1,207.50,2,1,1,211,Low Engagement
17855,372,1,208.97,2,1,1,211,Low Engagement
12855,372,4,612.84,2,3,2,232,At Risk
17925,372,1,244.08,2,1,1,211,Low Engagement
16510,372,6,1757.25,2,3,3,233,High-Value At Risk
17976,372,1,321.79,2,1,2,212,Low Engagement
15070,372,3,737.05,2,2,2,222,At Risk
16995,372,1,-1.25,2,1,1,211,Low Engagement
14576,372,1,35.40,2,1,1,211,Low Engagement
15922,372,2,363.60,2,1,2,212,Low Engagement
13108,372,2,748.46,2,2,2,222,At Risk
17732,372,10,2144.17,2,4,4,244,High-Value At Risk
14142,373,4,655.94,2,3,2,232,At Risk
17643,373,2,439.70,2,2,2,222,At Risk
14237,373,3,466.04,2,2,2,222,At Risk
17968,373,4,590.44,2,3,2,232,At Risk
13065,373,6,1050.10,2,3,3,233,High-Value At Risk
14729,373,3,586.24,2,2,2,222,At Risk
16274,373,1,331.55,2,1,2,212,Low Engagement
18011,373,2,410.79,2,2,2,222,At Risk
16583,373,2,297.95,2,2,1,221,At Risk
13747,373,2,169.80,2,2,1,221,At Risk
17908,373,7,1088.82,2,3,3,233,High-Value At Risk
15165,373,1,487.75,2,1,2,212,Low Engagement
18074,373,2,1019.44,2,2,3,223,At Risk
12791,373,8,656.83,2,4,2,242,At Risk
15350,373,2,547.60,2,2,2,222,At Risk
16355,374,2,349.20,2,2,2,222,At Risk
17170,374,3,118.98,2,2,1,221,At Risk
17342,374,7,1155.84,2,3,3,233,High-Value At Risk
17378,374,2,0.00,2,2,1,221,At Risk
17281,374,6,797.85,2,3,2,232,At Risk
13010,374,2,330.12,2,2,2,222,At Risk
18039,374,4,548.22,2,3,2,232,At Risk
15960,374,5,394.00,2,3,2,232,At Risk
14605,374,4,920.71,2,3,3,233,High-Value At Risk
17688,374,2,286.50,2,2,1,221,At Risk
16228,374,4,881.06,2,3,3,233,High-Value At Risk
16223,374,2,1087.05,2,2,3,223,At Risk
17826,374,1,133.34,2,1,1,211,Low Engagement
13444,374,2,619.08,2,2,2,222,At Risk
15989,375,2,368.31,2,2,2,222,At Risk
17814,375,2,1609.37,2,2,3,223,At Risk
14170,375,3,570.18,2,2,2,222,At Risk
15828,375,1,1108.82,2,1,3,213,Low Engagement
12767,375,1,949.82,2,1,3,213,Low Engagement
17756,375,3,728.75,2,2,2,222,At Risk
12996,375,1,355.50,2,1,2,212,Low Engagement
16194,375,1,308.60,2,1,1,211,Low Engagement
12351,375,1,300.93,2,1,1,211,Low Engagement
15404,375,1,257.06,2,1,1,211,Low Engagement
18002,375,4,237.62,2,3,1,231,At Risk
14510,375,4,964.55,2,3,3,233,High-Value At Risk
14008,375,2,493.74,2,2,2,222,At Risk
14986,376,2,563.10,2,2,2,222,At Risk
13254,376,1,51.41,2,1,1,211,Low Engagement
17150,376,6,1357.95,2,3,3,233,High-Value At Risk
17322,376,7,900.64,2,3,3,233,High-Value At Risk
17804,376,4,383.78,2,3,2,232,At Risk
15037,376,2,397.76,2,2,2,222,At Risk
13542,376,18,3924.09,2,4,4,244,High-Value At Risk
15446,376,5,390.00,2,3,2,232,At Risk
14454,376,6,970.70,2,3,3,233,High-Value At Risk
15583,376,1,95.96,2,1,1,211,Low Engagement
16421,376,3,526.27,2,2,2,222,At Risk
17607,376,1,333.81,2,1,2,212,Low Engagement
18003,376,1,353.51,2,1,2,212,Low Engagement
15580,376,14,1216.15,2,4,3,243,High-Value At Risk
17283,378,1,188.46,2,1,1,211,Low Engagement
18031,378,1,451.30,2,1,2,212,Low Engagement
13891,378,3,859.21,2,2,3,223,At Risk
16254,378,3,967.44,2,2,3,223,At Risk
17952,378,4,788.46,2,3,2,232,At Risk
15914,378,2,205.99,2,2,1,221,At Risk
13202,378,8,1571.35,2,4,3,243,High-Value At Risk
14721,379,1,109.07,2,1,1,211,Low Engagement
17167,379,3,867.11,2,2,3,223,At Risk
17882,379,2,291.56,2,2,1,221,At Risk
15084,379,2,965.20,2,2,3,223,At Risk
15936,379,2,282.79,2,2,1,221,At Risk
15961,379,1,451.29,2,1,2,212,Low Engagement
16231,379,4,1074.47,2,3,3,233,High-Value At Risk
13987,379,2,682.54,2,2,2,222,At Risk
15020,379,1,198.47,2,1,1,211,Low Engagement
12961,379,1,211.99,2,1,1,211,Low Engagement
17996,379,3,469.73,2,2,2,222,At Risk
12385,379,2,1668.40,2,2,3,223,At Risk
16874,379,1,209.89,2,1,1,211,Low Engagement
18025,379,6,1177.72,2,3,3,233,High-Value At Risk
17989,379,1,207.33,2,1,1,211,Low Engagement
15495,379,1,246.50,2,1,1,211,Low Engagement
13019,379,8,1212.95,2,3,3,233,High-Value At Risk
15902,380,1,145.01,2,1,1,211,Low Engagement
17998,380,4,601.74,2,3,2,232,At Risk
13554,380,10,1547.46,2,4,3,243,High-Value At Risk
16489,380,2,303.70,2,2,1,221,At Risk
16699,380,8,964.90,2,3,3,233,High-Value At Risk
15509,380,1,152.41,2,1,1,211,Low Engagement
15173,380,8,1399.26,2,4,3,243,High-Value At Risk
18076,380,1,151.49,2,1,1,211,Low Engagement
15476,380,5,2180.28,2,3,4,234,High-Value At Risk
14458,380,1,219.27,2,1,1,211,Low Engagement
17766,381,2,299.61,2,2,1,221,At Risk
17598,381,1,409.98,2,1,2,212,Low Engagement
14202,381,3,847.76,2,2,3,223,At Risk
16935,381,3,530.86,2,2,2,222,At Risk
13181,381,1,359.69,2,1,2,212,Low Engagement
14252,381,1,350.99,2,1,2,212,Low Engagement
18047,381,2,326.09,2,2,2,222,At Risk
13843,381,1,319.75,2,1,2,212,Low Engagement
16437,381,2,301.25,2,2,1,221,At Risk
13624,381,2,427.18,2,2,2,222,At Risk
16001,381,2,519.06,1,2,2,122,At Risk
17872,381,1,235.87,1,1,1,111,Low Engagement
12805,381,4,1230.95,1,3,3,133,High-Value At Risk
12880,381,2,640.13,1,2,2,122,At Risk
16155,381,6,781.05,1,3,2,132,At Risk
14926,381,3,337.65,1,2,2,122,At Risk
12889,381,6,365.66,1,3,2,132,At Risk
17570,381,2,0.00,1,2,1,121,At Risk
16821,381,1,113.35,1,1,1,111,Low Engagement
17098,381,3,591.07,1,2,2,122,At Risk
16590,381,3,563.60,1,2,2,122,At Risk
15377,382,5,1179.95,1,3,3,133,High-Value At Risk
17713,382,4,1198.09,1,3,3,133,High-Value At Risk
14134,382,15,11123.35,1,4,4,144,High-Value At Risk
12807,382,3,229.95,1,2,1,121,At Risk
16972,382,2,749.00,1,2,2,122,At Risk
17782,382,2,679.02,1,2,2,122,At Risk
14478,382,4,1276.66,1,3,3,133,High-Value At Risk
15169,382,2,569.22,1,2,2,122,At Risk
16373,382,2,309.49,1,2,1,121,At Risk
14994,382,8,886.64,1,3,3,133,High-Value At Risk
13086,382,1,439.33,1,1,2,112,Low Engagement
12858,383,2,147.27,1,2,1,121,At Risk
16946,383,6,1199.54,1,3,3,133,High-Value At Risk
17335,383,2,497.04,1,2,2,122,At Risk
15519,383,2,344.61,1,2,2,122,At Risk
13275,383,2,238.86,1,2,1,121,At Risk
16501,383,1,1191.23,1,1,3,113,Low Engagement
15155,383,1,383.97,1,1,2,112,Low Engagement
13550,383,1,342.55,1,1,2,112,Low Engagement
12887,383,1,222.40,1,1,1,111,Low Engagement
17036,383,1,176.90,1,1,1,111,Low Engagement
17275,383,1,114.10,1,1,1,111,Low Engagement
13961,385,2,498.70,1,2,2,122,At Risk
12978,385,6,2496.07,1,3,4,134,High-Value At Risk
12629,385,2,1198.22,1,2,3,123,At Risk
13156,385,3,1586.54,1,2,3,123,At Risk
15138,385,2,486.59,1,2,2,122,At Risk
12419,385,2,391.01,1,2,2,122,At Risk
15846,385,1,107.01,1,1,1,111,Low Engagement
12874,385,3,858.42,1,2,3,123,At Risk
16346,385,1,224.51,1,1,1,111,Low Engagement
17493,385,1,100.91,1,1,1,111,Low Engagement
17683,385,3,819.01,1,2,2,122,At Risk
17241,385,12,2736.64,1,4,4,144,High-Value At Risk
17532,385,1,65.34,1,1,1,111,Low Engagement
16599,385,1,172.80,1,1,1,111,Low Engagement
17269,385,1,491.81,1,1,2,112,Low Engagement
13970,386,2,846.55,1,2,3,123,At Risk
17355,386,1,273.31,1,1,1,111,Low Engagement
12467,386,2,0.00,1,2,1,121,At Risk
16588,386,4,1361.28,1,3,3,133,High-Value At Risk
13996,386,2,845.76,1,2,3,123,At Risk
14614,386,1,295.13,1,1,1,111,Low Engagement
13864,386,1,662.40,1,1,2,112,Low Engagement
14405,386,1,195.00,1,1,1,111,Low Engagement
16089,386,2,263.49,1,2,1,121,At Risk
17421,386,3,1059.41,1,2,3,123,At Risk
17776,386,3,322.55,1,2,2,122,At Risk
17089,386,1,128.45,1,1,1,111,Low Engagement
17868,386,1,227.15,1,1,1,111,Low Engagement
13665,386,3,1711.66,1,2,3,123,At Risk
16973,386,1,127.00,1,1,1,111,Low Engagement
18195,387,1,101.16,1,1,1,111,Low Engagement
17310,387,2,1025.10,1,2,3,123,At Risk
15515,387,1,171.81,1,1,1,111,Low Engagement
13605,387,2,522.67,1,2,2,122,At Risk
13237,387,1,643.00,1,1,2,112,Low Engagement
14417,387,1,524.65,1,1,2,112,Low Engagement
14811,387,1,170.50,1,1,1,111,Low Engagement
13964,387,3,421.90,1,2,2,122,At Risk
17200,387,4,356.71,1,2,2,122,At Risk
14192,388,1,293.74,1,1,1,111,Low Engagement
13597,388,3,377.21,1,2,2,122,At Risk
13789,388,1,239.46,1,1,1,111,Low Engagement
13353,388,1,-28.85,1,1,1,111,Low Engagement
17689,388,2,317.08,1,2,1,121,At Risk
13795,388,4,836.30,1,3,3,133,High-Value At Risk
15842,388,3,528.75,1,2,2,122,At Risk
15968,388,1,401.80,1,1,2,112,Low Engagement
15161,388,1,119.92,1,1,1,111,Low Engagement
13582,389,2,241.68,1,2,1,121,At Risk
12376,389,2,383.15,1,2,2,122,At Risk
14358,389,3,400.06,1,2,2,122,At Risk
14065,389,4,889.37,1,3,3,133,High-Value At Risk
16314,389,3,1491.40,1,2,3,123,At Risk
17992,389,1,252.88,1,1,1,111,Low Engagement
16087,389,5,1739.92,1,3,3,133,High-Value At Risk
14526,389,1,258.65,1,1,1,111,Low Engagement
17106,389,1,481.58,1,1,2,112,Low Engagement
17740,389,6,426.90,1,3,2,132,At Risk
13545,390,3,337.64,1,2,2,122,At Risk
15283,390,4,135.43,1,3,1,131,At Risk
17300,390,2,393.64,1,2,2,122,At Risk
17497,390,2,287.25,1,2,1,121,At Risk
16687,390,1,157.63,1,1,1,111,Low Engagement
14599,390,2,457.89,1,2,2,122,At Risk
14807,390,2,504.14,1,2,2,122,At Risk
16074,390,1,252.50,1,1,1,111,Low Engagement
18063,390,2,186.60,1,2,1,121,At Risk
15726,390,1,321.91,1,1,2,112,Low Engagement
17544,390,3,944.82,1,2,3,123,At Risk
14559,390,1,75.60,1,1,1,111,Low Engagement
16199,392,7,942.75,1,3,3,133,High-Value At Risk
15566,392,2,227.87,1,2,1,121,At Risk
13293,392,7,1180.34,1,3,3,133,High-Value At Risk
17210,392,1,251.72,1,1,1,111,Low Engagement
17803,392,1,184.66,1,1,1,111,Low Engagement
18054,392,1,176.50,1,1,1,111,Low Engagement
18007,392,1,215.22,1,1,1,111,Low Engagement
17366,392,3,1075.59,1,2,3,123,At Risk
16677,393,3,849.77,1,2,3,123,At Risk
17476,393,4,446.51,1,3,2,132,At Risk
16797,393,9,1761.02,1,4,3,143,High-Value At Risk
17308,393,2,4511.76,1,2,4,124,At Risk
18057,393,3,1168.14,1,2,3,123,At Risk
17558,393,1,259.17,1,1,1,111,Low Engagement
16118,393,5,4255.43,1,3,4,134,High-Value At Risk
12803,393,1,1017.81,1,1,3,113,Low Engagement
14922,393,2,843.74,1,2,3,123,At Risk
17815,393,1,591.96,1,1,2,112,Low Engagement
13857,393,7,997.01,1,3,3,133,High-Value At Risk
16827,393,5,387.18,1,3,2,132,At Risk
16786,393,1,51.84,1,1,1,111,Low Engagement
12927,394,1,197.31,1,1,1,111,Low Engagement
14365,394,2,634.68,1,2,2,122,At Risk
17903,394,1,381.09,1,1,2,112,Low Engagement
15131,394,1,80.28,1,1,1,111,Low Engagement
14615,394,6,934.26,1,3,3,133,High-Value At Risk
13252,394,3,341.30,1,2,2,122,At Risk
14122,394,5,309.77,1,3,1,131,At Risk
13096,394,1,419.70,1,1,2,112,Low Engagement
16868,394,3,384.56,1,2,2,122,At Risk
15001,394,2,197.11,1,2,1,121,At Risk
15890,394,5,535.65,1,3,2,132,At Risk
13671,394,1,172.60,1,1,1,111,Low Engagement
14399,394,9,2093.21,1,4,3,143,High-Value At Risk
13915,394,2,31.20,1,2,1,121,At Risk
16662,394,1,151.05,1,1,1,111,Low Engagement
13945,394,2,854.15,1,2,3,123,At Risk
17726,395,8,1089.56,1,3,3,133,High-Value At Risk
17363,395,3,920.46,1,2,3,123,At Risk
17208,395,1,111.15,1,1,1,111,Low Engagement
15635,395,1,100.35,1,1,1,111,Low Engagement
16977,395,4,496.00,1,3,2,132,At Risk
14275,395,6,1189.38,1,3,3,133,High-Value At Risk
14899,395,1,1331.38,1,1,3,113,Low Engagement
14610,395,2,24.35,1,1,1,111,Low Engagement
17983,395,1,171.71,1,1,1,111,Low Engagement
15011,395,2,416.60,1,2,2,122,At Risk
13660,395,2,295.74,1,2,1,121,At Risk
16740,395,1,226.91,1,1,1,111,Low Engagement
16381,395,2,247.85,1,2,1,121,At Risk
16021,395,2,487.03,1,2,2,122,At Risk
17467,395,1,102.60,1,1,1,111,Low Engagement
17807,395,3,437.87,1,2,2,122,At Risk
12907,395,3,440.36,1,2,2,122,At Risk
14927,396,1,308.20,1,1,1,111,Low Engagement
13377,396,4,1445.43,1,3,3,133,High-Value At Risk
18098,396,1,527.94,1,1,2,112,Low Engagement
17000,396,2,406.30,1,2,2,122,At Risk
15617,396,3,828.55,1,2,3,123,At Risk
15390,396,2,1216.66,1,2,3,123,At Risk
15441,396,3,1254.21,1,2,3,123,At Risk
17258,396,2,417.30,1,2,2,122,At Risk
12892,396,1,263.38,1,1,1,111,Low Engagement
13738,396,1,434.78,1,1,2,112,Low Engagement
16420,396,1,75.00,1,1,1,111,Low Engagement
13691,396,1,210.78,1,1,1,111,Low Engagement
13773,396,2,301.54,1,2,1,121,At Risk
16559,397,1,175.00,1,1,1,111,Low Engagement
14203,397,1,339.34,1,1,2,112,Low Engagement
18083,397,1,463.53,1,1,2,112,Low Engagement
16787,397,4,1017.53,1,3,3,133,High-Value At Risk
16640,397,1,179.40,1,1,1,111,Low Engagement
15560,397,2,153.52,1,2,1,121,At Risk
13921,399,5,720.75,1,3,2,132,At Risk
13646,399,3,323.30,1,2,2,122,At Risk
13836,399,3,602.52,1,2,2,122,At Risk
17876,399,3,3424.02,1,2,4,124,At Risk
15792,399,2,933.84,1,2,3,123,At Risk
17276,399,2,444.19,1,2,2,122,At Risk
12914,400,1,223.98,1,1,1,111,Low Engagement
16060,400,3,541.95,1,2,2,122,At Risk
13903,400,1,165.45,1,1,1,111,Low Engagement
12958,400,2,467.34,1,2,2,122,At Risk
15425,400,4,1941.12,1,3,3,133,High-Value At Risk
13172,400,1,69.60,1,1,1,111,Low Engagement
16888,400,3,434.20,1,2,2,122,At Risk
16707,400,4,533.41,1,3,2,132,At Risk
13981,400,2,327.39,1,2,2,122,At Risk
16391,400,4,1048.86,1,2,3,123,At Risk
13206,400,15,8308.19,1,4,4,144,High-Value At Risk
13648,400,11,1681.12,1,4,3,143,High-Value At Risk
14136,400,7,1553.96,1,3,3,133,High-Value At Risk
15294,400,2,222.30,1,2,1,121,At Risk
13303,400,1,61.72,1,1,1,111,Low Engagement
13331,401,1,262.40,1,1,1,111,Low Engagement
15915,401,1,364.24,1,1,2,112,Low Engagement
15481,401,1,1993.34,1,1,3,113,Low Engagement
14398,401,2,707.79,1,2,2,122,At Risk
15336,401,1,240.50,1,1,1,111,Low Engagement
15233,401,1,59.40,1,1,1,111,Low Engagement
14942,401,5,746.56,1,3,2,132,At Risk
17473,401,3,592.15,1,2,2,122,At Risk
16865,401,1,130.95,1,1,1,111,Low Engagement
17003,402,4,828.21,1,3,3,133,High-Value At Risk
13535,402,1,89.50,1,1,1,111,Low Engagement
12986,402,12,1998.34,1,4,3,143,High-Value At Risk
14617,402,2,190.47,1,2,1,121,At Risk
12389,402,3,1433.33,1,2,3,123,At Risk
13251,402,1,252.68,1,1,1,111,Low Engagement
15337,402,2,344.72,1,2,2,122,At Risk
14363,402,2,227.47,1,2,1,121,At Risk
17121,402,1,314.74,1,1,1,111,Low Engagement
13215,402,1,81.60,1,1,1,111,Low Engagement
16876,403,1,136.01,1,1,1,111,Low Engagement
14648,403,19,4374.74,1,4,4,144,High-Value At Risk
14429,403,1,516.28,1,1,2,112,Low Engagement
15501,404,2,399.95,1,2,2,122,At Risk
15439,404,4,1269.05,1,3,3,133,High-Value At Risk
15879,404,4,1137.80,1,3,3,133,High-Value At Risk
16606,404,2,357.66,1,2,2,122,At Risk
13677,404,2,551.24,1,1,2,112,Low Engagement
17413,404,2,560.14,1,1,2,112,Low Engagement
16724,404,1,147.35,1,1,1,111,Low Engagement
14848,404,1,310.56,1,1,1,111,Low Engagement
12608,404,1,415.79,1,1,2,112,Low Engagement
16635,406,1,473.00,1,1,2,112,Low Engagement
14746,406,4,593.50,1,3,2,132,At Risk
15170,406,1,81.15,1,1,1,111,Low Engagement
17821,406,1,334.62,1,1,2,112,Low Engagement
17741,406,2,101.10,1,2,1,121,At Risk
15887,406,3,1027.15,1,2,3,123,At Risk
14490,406,2,1273.47,1,2,3,123,At Risk
16058,406,1,62.70,1,1,1,111,Low Engagement
13580,406,1,107.75,1,1,1,111,Low Engagement
14294,407,1,375.34,1,1,2,112,Low Engagement
13031,407,5,3292.84,1,3,4,134,High-Value At Risk
17853,407,3,1596.29,1,2,3,123,At Risk
16630,407,2,104.30,1,2,1,121,At Risk
15285,407,1,94.92,1,1,1,111,Low Engagement
16129,407,3,1396.05,1,2,3,123,At Risk
14303,407,2,277.94,1,2,1,121,At Risk
15328,407,1,107.24,1,1,1,111,Low Engagement
18060,408,2,1185.46,1,1,3,113,Low Engagement
17478,408,2,1272.80,1,2,3,123,At Risk
13713,408,3,740.76,1,2,2,122,At Risk
17326,408,2,312.35,1,2,1,121,At Risk
16382,408,2,353.10,1,2,2,122,At Risk
14281,408,1,245.15,1,1,1,111,Low Engagement
13547,408,1,164.53,1,1,1,111,Low Engagement
12537,408,1,612.94,1,1,2,112,Low Engagement
12563,408,1,221.24,1,1,1,111,Low Engagement
13906,409,1,42.00,1,1,1,111,Low Engagement
14278,409,1,205.83,1,1,1,111,Low Engagement
12411,409,1,346.90,1,1,2,112,Low Engagement
17327,409,2,152.35,1,2,1,121,At Risk
15207,409,5,657.27,1,3,2,132,At Risk
16785,409,1,533.78,1,1,2,112,Low Engagement
16576,409,5,513.17,1,3,2,132,At Risk
13578,409,1,147.66,1,1,1,111,Low Engagement
16962,409,1,251.04,1,1,1,111,Low Engagement
14324,409,2,701.61,1,2,2,122,At Risk
15536,409,1,259.09,1,1,1,111,Low Engagement
18247,409,6,721.43,1,3,2,132,At Risk
15876,409,2,1449.14,1,2,3,123,At Risk
13274,409,1,360.85,1,1,2,112,Low Engagement
16259,410,3,340.94,1,2,2,122,At Risk
14181,410,2,308.35,1,2,1,121,At Risk
17393,410,2,381.15,1,2,2,122,At Risk
17981,410,1,239.12,1,1,1,111,Low Engagement
14197,410,1,390.05,1,1,2,112,Low Engagement
13733,410,3,484.53,1,2,2,122,At Risk
14249,410,12,5400.46,1,4,4,144,High-Value At Risk
15064,410,4,1154.41,1,3,3,133,High-Value At Risk
14718,410,1,226.42,1,1,1,111,Low Engagement
14183,411,2,278.34,1,2,1,121,At Risk
13073,411,2,418.08,1,2,2,122,At Risk
13574,411,1,404.45,1,1,2,112,Low Engagement
13977,411,1,519.81,1,1,2,112,Low Engagement
16920,411,1,355.45,1,1,2,112,Low Engagement
13333,411,3,1015.74,1,2,3,123,At Risk
12926,411,4,1523.59,1,3,3,133,High-Value At Risk
17407,411,1,552.90,1,1,2,112,Low Engagement
17435,411,1,331.35,1,1,2,112,Low Engagement
17260,411,1,120.95,1,1,1,111,Low Engagement
13241,411,1,112.53,1,1,1,111,Low Engagement
15248,411,4,1865.03,1,3,3,133,High-Value At Risk
12973,413,1,385.55,1,1,2,112,Low Engagement
12972,413,6,1115.95,1,3,3,133,High-Value At Risk
12960,413,4,1322.07,1,3,3,133,High-Value At Risk
16465,413,3,726.34,1,2,2,122,At Risk
12369,413,3,1511.15,1,2,3,123,At Risk
16975,413,5,902.42,1,3,3,133,High-Value At Risk
14945,413,1,179.40,1,1,1,111,Low Engagement
12899,413,1,366.40,1,1,2,112,Low Engagement
14296,413,3,448.45,1,2,2,122,At Risk
14728,413,1,190.58,1,1,1,111,Low Engagement
13746,413,1,176.69,1,1,1,111,Low Engagement
17834,414,2,689.67,1,2,2,122,At Risk
16167,414,6,1149.87,1,3,3,133,High-Value At Risk
16540,414,1,205.75,1,1,1,111,Low Engagement
13195,414,1,136.73,1,1,1,111,Low Engagement
13374,414,2,372.80,1,2,2,122,At Risk
12511,414,2,3065.77,1,2,4,124,At Risk
18243,414,1,515.78,1,1,2,112,Low Engagement
12400,414,1,205.25,1,1,1,111,Low Engagement
15995,414,1,694.54,1,1,2,112,Low Engagement
16310,414,2,460.08,1,2,2,122,At Risk
14686,414,6,844.58,1,3,3,133,High-Value At Risk
13386,414,2,835.46,1,2,3,123,At Risk
15647,415,1,169.00,1,1,1,111,Low Engagement
16702,415,5,1099.58,1,3,3,133,High-Value At Risk
12387,415,1,143.94,1,1,1,111,Low Engagement
16521,415,3,1136.36,1,2,3,123,At Risk
14612,415,1,877.70,1,1,3,113,Low Engagement
14469,416,4,2093.46,1,3,3,133,High-Value At Risk
14734,416,5,1045.47,1,3,3,133,High-Value At Risk
17137,416,6,1099.81,1,3,3,133,High-Value At Risk
13480,416,2,627.82,1,2,2,122,At Risk
13840,416,1,651.40,1,1,2,112,Low Engagement
15934,417,2,2190.66,1,2,4,124,At Risk
16476,417,3,337.00,1,2,2,122,At Risk
17143,417,2,880.97,1,2,3,123,At Risk
15710,417,1,898.87,1,1,3,113,Low Engagement
12699,417,1,566.11,1,1,2,112,Low Engagement
16854,417,2,1408.96,1,2,3,123,At Risk
13957,417,3,458.25,1,2,2,122,At Risk
17023,417,3,800.18,1,2,2,122,At Risk
13387,417,1,181.84,1,1,1,111,Low Engagement
13214,417,7,3264.23,1,3,4,134,High-Value At Risk
15459,417,2,202.83,1,2,1,121,At Risk
16772,417,5,2760.10,1,3,4,134,High-Value At Risk
13152,417,9,2114.98,1,4,3,143,High-Value At Risk
14940,417,2,531.49,1,2,2,122,At Risk
16069,417,1,457.70,1,1,2,112,Low Engagement
13088,417,1,236.11,1,1,1,111,Low Engagement
15772,418,1,280.88,1,1,1,111,Low Engagement
12835,418,49,5972.19,1,4,4,144,High-Value At Risk
13820,418,5,632.50,1,3,2,132,At Risk
15688,418,1,190.57,1,1,1,111,Low Engagement
14877,418,2,425.85,1,2,2,122,At Risk
16691,418,2,178.83,1,2,1,121,At Risk
17141,418,4,727.58,1,3,2,132,At Risk
14839,418,3,915.28,1,2,3,123,At Risk
15817,420,3,2766.40,1,2,4,124,At Risk
13463,420,1,0.00,1,1,1,111,Low Engagement
16879,420,2,0.00,1,2,1,121,At Risk
14168,420,3,305.90,1,2,1,121,At Risk
15686,420,1,90.00,1,1,1,111,Low Engagement
14781,420,1,0.00,1,1,1,111,Low Engagement
15202,420,8,0.00,1,3,1,131,At Risk
17687,420,1,432.68,1,1,2,112,Low Engagement
17390,420,1,149.30,1,1,1,111,Low Engagement
17202,420,1,160.65,1,1,1,111,Low Engagement
17316,420,1,124.45,1,1,1,111,Low Engagement
16336,420,4,3517.69,1,3,4,134,High-Value At Risk
17938,420,1,144.29,1,1,1,111,Low Engagement
17822,420,5,2154.08,1,3,4,134,High-Value At Risk
13446,420,18,3613.27,1,4,4,144,High-Value At Risk
13696,421,4,2008.70,1,3,3,133,High-Value At Risk
18090,421,1,321.90,1,1,2,112,Low Engagement
17823,421,2,449.25,1,2,2,122,At Risk
15735,421,1,327.68,1,1,2,112,Low Engagement
17751,421,1,157.86,1,1,1,111,Low Engagement
16176,421,7,1964.04,1,3,3,133,High-Value At Risk
14956,421,1,1325.00,1,1,3,113,Low Engagement
17717,421,1,376.92,1,1,2,112,Low Engagement
14343,421,4,1079.66,1,3,3,133,High-Value At Risk
16991,421,1,1041.21,1,1,3,113,Low Engagement
16130,422,4,987.48,1,3,3,133,High-Value At Risk
13378,422,1,0.00,1,1,1,111,Low Engagement
17182,422,2,321.30,1,2,2,122,At Risk
12900,422,1,340.33,1,1,2,112,Low Engagement
14316,422,6,1355.34,1,3,3,133,High-Value At Risk
17851,422,6,1552.35,1,3,3,133,High-Value At Risk
13770,422,4,785.37,1,3,2,132,At Risk
16238,422,1,63.66,1,1,1,111,Low Engagement
15242,422,1,302.04,1,1,1,111,Low Engagement
14838,423,2,769.92,1,2,2,122,At Risk
16039,423,3,449.65,1,2,2,122,At Risk
13912,423,1,124.95,1,1,1,111,Low Engagement
12655,423,1,243.35,1,1,1,111,Low Engagement
13909,423,2,282.85,1,2,1,121,At Risk
14263,423,1,322.93,1,1,2,112,Low Engagement
16263,423,1,348.16,1,1,2,112,Low Engagement
13541,423,3,717.90,1,2,2,122,At Risk
17104,423,1,474.03,1,1,2,112,Low Engagement
14846,423,2,406.80,1,2,2,122,At Risk
15151,423,2,2085.61,1,2,3,123,At Risk
17710,423,1,293.50,1,1,1,111,Low Engagement
17944,423,1,74.99,1,1,1,111,Low Engagement
13968,423,1,123.66,1,1,1,111,Low Engagement
13440,423,10,1213.95,1,4,3,143,High-Value At Risk
17635,424,4,1256.83,1,3,3,133,High-Value At Risk
17273,424,1,141.12,1,1,1,111,Low Engagement
14590,424,28,2871.04,1,4,4,144,High-Value At Risk
17264,424,1,268.28,1,1,1,111,Low Engagement
14568,424,2,909.50,1,2,3,123,At Risk
17755,424,1,-71.23,1,1,1,111,Low Engagement
14319,424,2,476.95,1,2,2,122,At Risk
17465,425,9,2533.64,1,4,4,144,High-Value At Risk
15418,425,2,449.42,1,2,2,122,At Risk
17518,425,2,329.42,1,2,2,122,At Risk
12862,425,2,984.62,1,2,3,123,At Risk
13537,425,2,717.85,1,2,2,122,At Risk
14571,425,1,160.00,1,1,1,111,Low Engagement
15177,425,1,948.93,1,1,3,113,Low Engagement
13406,427,3,557.22,1,2,2,122,At Risk
16329,427,4,1664.92,1,3,3,133,High-Value At Risk
15080,427,2,546.25,1,2,2,122,At Risk
16568,427,2,1020.90,1,2,3,123,At Risk
14564,427,5,2519.32,1,3,4,134,High-Value At Risk
13257,427,3,117.95,1,2,1,121,At Risk
14425,427,5,635.89,1,3,2,132,At Risk
14322,427,6,384.30,1,3,2,132,At Risk
14186,427,5,1550.63,1,3,3,133,High-Value At Risk
17196,427,1,327.75,1,1,2,112,Low Engagement
15614,428,7,3008.86,1,3,4,134,High-Value At Risk
16111,428,1,549.33,1,1,2,112,Low Engagement
12903,428,1,833.53,1,1,3,113,Low Engagement
17424,428,1,0.00,1,1,1,111,Low Engagement
13776,428,8,0.00,1,4,1,141,At Risk
15600,428,5,1178.71,1,3,3,133,High-Value At Risk
16269,428,2,714.59,1,2,2,122,At Risk
14909,428,5,1380.98,1,3,3,133,High-Value At Risk
13785,428,4,542.49,1,3,2,132,At Risk
13423,428,1,217.03,1,1,1,111,Low Engagement
14118,428,1,458.45,1,1,2,112,Low Engagement
15931,428,1,239.90,1,1,1,111,Low Engagement
13567,428,5,1074.19,1,3,3,133,High-Value At Risk
14266,428,1,40.56,1,1,1,111,Low Engagement
13360,428,7,1464.10,1,3,3,133,High-Value At Risk
17249,428,1,68.03,1,1,1,111,Low Engagement
16166,428,4,327.48,1,3,2,132,At Risk
17127,428,5,1155.03,1,3,3,133,High-Value At Risk
13674,429,2,215.88,1,2,1,121,At Risk
16307,429,3,1194.92,1,2,3,123,At Risk
13861,429,3,251.31,1,2,1,121,At Risk
13556,429,2,200.82,1,2,1,121,At Risk
17008,429,1,81.36,1,1,1,111,Low Engagement
18284,429,2,411.68,1,2,2,122,At Risk
13022,429,1,50.30,1,1,1,111,Low Engagement
13818,429,1,61.28,1,1,1,111,Low Engagement
13290,430,3,0.00,1,2,1,121,At Risk
14492,430,10,1574.36,1,4,3,143,High-Value At Risk
14328,430,3,0.00,1,2,1,121,At Risk
16300,430,3,1367.32,1,2,3,123,At Risk
14169,430,2,613.11,1,2,2,122,At Risk
14991,430,1,314.67,1,1,1,111,Low Engagement
14120,430,1,-23.80,1,1,1,111,Low Engagement
18244,430,2,568.64,1,2,2,122,At Risk
14302,430,3,742.90,1,2,2,122,At Risk
16490,430,2,179.16,1,2,1,121,At Risk
15490,430,2,181.35,1,2,1,121,At Risk
15413,430,7,6798.72,1,3,4,134,High-Value At Risk
14063,430,13,9471.50,1,4,4,144,High-Value At Risk
15736,430,3,1668.67,1,2,3,123,At Risk
13306,430,1,53.65,1,1,1,111,Low Engagement
12975,430,8,1993.99,1,4,3,143,High-Value At Risk
14802,430,6,0.00,1,3,1,131,At Risk
16760,430,1,228.00,1,1,1,111,Low Engagement
14663,430,2,490.60,1,2,2,122,At Risk
17657,430,1,126.00,1,1,1,111,Low Engagement
13920,431,5,1734.88,1,3,3,133,High-Value At Risk
13367,431,1,460.20,1,1,2,112,Low Engagement
12486,431,1,917.28,1,1,3,113,Low Engagement
12768,431,2,0.00,1,2,1,121,At Risk
15778,431,1,307.95,1,1,1,111,Low Engagement
13380,432,1,62.40,1,1,1,111,Low Engagement
15859,432,1,438.46,1,1,2,112,Low Engagement
15884,432,3,244.60,1,2,1,121,At Risk
14579,432,1,105.56,1,1,1,111,Low Engagement
14455,432,5,587.12,1,3,2,132,At Risk
14254,432,1,601.03,1,1,2,112,Low Engagement
16331,432,6,2037.70,1,3,3,133,High-Value At Risk
13326,432,1,281.76,1,1,1,111,Low Engagement
14310,432,1,492.10,1,1,2,112,Low Engagement
16799,432,3,447.83,1,2,2,122,At Risk
16312,432,1,171.15,1,1,1,111,Low Engagement
15196,432,2,313.70,1,2,1,121,At Risk
14392,432,1,266.40,1,1,1,111,Low Engagement
17380,434,4,643.75,1,3,2,132,At Risk
18266,434,1,251.10,1,1,1,111,Low Engagement
15190,434,1,834.44,1,1,3,113,Low Engagement
15420,434,6,743.00,1,3,2,132,At Risk
12696,434,3,731.91,1,2,2,122,At Risk
15451,434,2,226.86,1,2,1,121,At Risk
16472,434,2,789.60,1,2,2,122,At Risk
14225,434,5,2009.17,1,3,3,133,High-Value At Risk
16864,434,2,409.25,1,2,2,122,At Risk
17533,434,1,34.80,1,1,1,111,Low Engagement
14230,435,3,979.80,1,2,3,123,At Risk
13729,435,5,676.43,1,3,2,132,At Risk
14742,435,1,579.85,1,1,2,112,Low Engagement
16522,435,2,433.36,1,2,2,122,At Risk
16044,435,1,340.84,1,1,2,112,Low Engagement
12806,435,4,2558.96,1,3,4,134,High-Value At Risk
13966,435,1,384.26,1,1,2,112,Low Engagement
14269,435,2,261.68,1,2,1,121,At Risk
14707,435,2,139.20,1,2,1,121,At Risk
16958,435,1,778.49,1,1,2,112,Low Engagement
12661,436,1,162.00,1,1,1,111,Low Engagement
13797,436,4,1168.45,1,3,3,133,High-Value At Risk
14843,436,1,211.80,1,1,1,111,Low Engagement
13105,436,1,72.00,1,1,1,111,Low Engagement
12946,436,1,324.45,1,1,2,112,Low Engagement
16783,436,1,391.95,1,1,2,112,Low Engagement
17257,436,2,189.78,1,2,1,121,At Risk
13281,437,3,306.45,1,2,1,121,At Risk
15871,437,1,33.10,1,1,1,111,Low Engagement
18049,437,2,500.50,1,2,2,122,At Risk
13701,437,2,159.55,1,2,1,121,At Risk
14634,437,7,1971.82,1,3,3,133,High-Value At Risk
12964,437,1,132.24,1,1,1,111,Low Engagement
14228,437,3,745.50,1,2,2,122,At Risk
16237,437,1,136.65,1,1,1,111,Low Engagement
13433,437,5,656.87,1,3,2,132,At Risk
13687,438,1,11880.84,1,1,4,114,Low Engagement
15616,438,1,317.11,1,1,1,111,Low Engagement
17280,438,1,118.86,1,1,1,111,Low Engagement
16636,438,4,3802.04,1,3,4,134,High-Value At Risk
16264,438,2,823.53,1,2,3,123,At Risk
14094,439,2,310.82,1,2,1,121,At Risk
14611,439,3,599.38,1,2,2,122,At Risk
16675,441,2,608.86,1,2,2,122,At Risk
17032,441,13,2816.69,1,4,4,144,High-Value At Risk
15761,442,1,143.05,1,1,1,111,Low Engagement
14992,442,1,210.50,1,1,1,111,Low Engagement
17743,442,2,208.85,1,2,1,121,At Risk
16857,442,1,352.80,1,1,2,112,Low Engagement
17021,442,6,1182.22,1,3,3,133,High-Value At Risk
13264,442,1,722.56,1,1,2,112,Low Engagement
18107,442,1,165.88,1,1,1,111,Low Engagement
13910,443,1,0.00,1,1,1,111,Low Engagement
13205,443,1,2803.20,1,1,4,114,Low Engagement
14182,443,5,660.07,1,3,2,132,At Risk
14372,443,3,830.18,1,2,3,123,At Risk
13288,443,6,892.16,1,3,3,133,High-Value At Risk
17840,443,1,175.90,1,1,1,111,Low Engagement
14933,443,5,885.00,1,3,3,133,High-Value At Risk
16886,444,2,0.00,1,2,1,121,At Risk
16646,444,2,675.05,1,2,2,122,At Risk
15966,444,2,399.58,1,2,2,122,At Risk
13424,444,2,557.92,1,1,2,112,Low Engagement
17161,444,1,856.01,1,1,3,113,Low Engagement
12751,444,1,268.27,1,1,1,111,Low Engagement
13702,445,1,135.18,1,1,1,111,Low Engagement
14906,445,3,0.00,1,2,1,121,At Risk
17055,445,1,232.85,1,1,1,111,Low Engagement
12850,445,1,330.00,1,1,2,112,Low Engagement
14668,445,1,111.63,1,1,1,111,Low Engagement
13998,446,3,566.70,1,2,2,122,At Risk
16524,446,2,306.19,1,2,1,121,At Risk
18089,446,1,428.45,1,1,2,112,Low Engagement
13465,446,2,931.12,1,2,3,123,At Risk
16371,448,1,157.20,1,1,1,111,Low Engagement
12554,448,1,384.50,1,1,2,112,Low Engagement
13443,448,7,1236.92,1,3,3,133,High-Value At Risk
15911,448,10,1683.79,1,4,3,143,High-Value At Risk
12543,448,1,840.25,1,1,3,113,Low Engagement
15362,448,2,613.08,1,2,2,122,At Risk
12482,449,32,21941.72,1,4,4,144,High-Value At Risk
15962,449,1,289.48,1,1,1,111,Low Engagement
15629,450,4,2240.90,1,3,4,134,High-Value At Risk
13041,450,4,799.13,1,3,2,132,At Risk
15685,450,1,55.98,1,1,1,111,Low Engagement
14370,450,9,1092.13,1,4,3,143,High-Value At Risk
13312,451,1,124.75,1,1,1,111,Low Engagement
17801,451,4,767.48,1,3,2,132,At Risk
17149,451,1,143.10,1,1,1,111,Low Engagement
13613,452,5,1039.85,1,3,3,133,High-Value At Risk
13250,452,3,245.59,1,2,1,121,At Risk
13129,452,2,233.25,1,2,1,121,At Risk
15401,452,2,216.95,1,2,1,121,At Risk
17132,452,2,1220.91,1,2,3,123,At Risk
16860,452,4,1593.67,1,3,3,133,High-Value At Risk
15824,453,2,890.94,1,2,3,123,At Risk
14635,453,1,215.22,1,1,1,111,Low Engagement
16815,453,2,406.02,1,2,2,122,At Risk
16608,453,2,1286.62,1,2,3,123,At Risk
14445,455,1,221.65,1,1,1,111,Low Engagement
12760,455,1,317.80,1,1,1,111,Low Engagement
13965,455,5,777.66,1,3,2,132,At Risk
17369,455,1,979.20,1,1,3,113,Low Engagement
17762,456,1,129.75,1,1,1,111,Low Engagement
14444,456,1,120.44,1,1,1,111,Low Engagement
15077,456,4,2423.88,1,3,4,134,High-Value At Risk
16032,456,6,1965.72,1,3,3,133,High-Value At Risk
12460,456,1,296.65,1,1,1,111,Low Engagement
16095,456,1,447.05,1,1,2,112,Low Engagement
15972,456,5,1769.33,1,3,3,133,High-Value At Risk
12777,457,1,519.45,1,1,2,112,Low Engagement
13076,457,1,135.40,1,1,1,111,Low Engagement
15141,457,9,1378.31,1,4,3,143,High-Value At Risk
13683,457,1,258.60,1,1,1,111,Low Engagement
12761,457,2,712.95,1,2,2,122,At Risk
12575,457,2,568.82,1,2,2,122,At Risk
15627,457,2,566.90,1,2,2,122,At Risk
12440,457,3,648.15,1,2,2,122,At Risk
15741,458,2,208.62,1,2,1,121,At Risk
12859,458,1,575.10,1,1,2,112,Low Engagement
12819,458,1,540.52,1,1,2,112,Low Engagement
16246,459,2,821.35,1,2,3,123,At Risk
14949,459,6,498.55,1,3,2,132,At Risk
15751,460,14,1318.84,1,4,3,143,High-Value At Risk
15461,460,3,391.30,1,2,2,122,At Risk
14318,460,1,158.02,1,1,1,111,Low Engagement
15378,462,2,246.50,1,2,1,121,At Risk
14086,462,1,39.95,1,1,1,111,Low Engagement
14058,462,2,469.19,1,2,2,122,At Risk
16289,462,2,98.81,1,2,1,121,At Risk
16100,462,1,582.64,1,1,2,112,Low Engagement
13346,462,6,299.40,1,3,1,131,At Risk
15191,463,3,588.05,1,2,2,122,At Risk
15779,463,2,124.08,1,2,1,121,At Risk
18182,463,1,291.13,1,1,1,111,Low Engagement
12788,463,4,384.90,1,3,2,132,At Risk
15564,463,2,70.74,1,2,1,121,At Risk
16993,463,3,1688.15,1,2,3,123,At Risk
13472,463,2,592.24,1,2,2,122,At Risk
14283,463,4,628.44,1,3,2,132,At Risk
15094,463,2,83.00,1,2,1,121,At Risk
13916,463,5,1260.51,1,3,3,133,High-Value At Risk
12898,463,2,296.21,1,2,1,121,At Risk
13024,464,3,535.42,1,2,2,122,At Risk
17599,464,3,44.55,1,2,1,121,At Risk
17215,464,1,186.15,1,1,1,111,Low Engagement
17753,464,5,379.56,1,3,2,132,At Risk
18258,464,8,2040.97,1,4,3,143,High-Value At Risk
13399,464,3,275.40,1,2,1,121,At Risk
14025,464,10,3969.10,1,4,4,144,High-Value At Risk
12771,464,2,206.50,1,2,1,121,At Risk
16290,464,4,1957.70,1,3,3,133,High-Value At Risk
16819,465,2,182.59,1,2,1,121,At Risk
17145,465,7,3014.64,1,3,4,134,High-Value At Risk
13714,465,1,161.35,1,1,1,111,Low Engagement
14433,465,1,280.70,1,1,1,111,Low Engagement
12804,465,2,325.37,1,2,2,122,At Risk
13540,467,3,632.39,1,2,2,122,At Risk
15430,467,3,903.75,1,2,3,123,At Risk
15166,467,1,167.16,1,1,1,111,Low Engagement
17792,467,2,368.35,1,2,2,122,At Risk
15784,467,2,848.33,1,2,3,123,At Risk
16870,469,1,450.16,1,1,2,112,Low Engagement
13478,469,7,2068.03,1,3,3,133,High-Value At Risk
16197,469,9,2016.71,1,4,3,143,High-Value At Risk
17270,469,2,601.45,1,2,2,122,At Risk
16288,470,1,129.85,1,1,1,111,Low Engagement
16375,470,2,104.00,1,2,1,121,At Risk
12800,470,3,500.25,1,2,2,122,At Risk
14268,470,1,354.85,1,1,2,112,Low Engagement
13150,470,4,435.02,1,3,2,132,At Risk
17005,470,3,612.41,1,2,2,122,At Risk
14026,470,2,713.11,1,2,2,122,At Risk
14787,471,1,110.65,1,1,1,111,Low Engagement
17963,471,4,643.16,1,3,2,132,At Risk
14260,471,3,824.28,1,2,3,123,At Risk
13361,472,2,1450.50,1,2,3,123,At Risk
15666,472,2,632.94,1,2,2,122,At Risk
13123,472,2,506.75,1,2,2,122,At Risk
17292,472,2,271.75,1,2,1,121,At Risk
12765,472,6,1299.58,1,3,3,133,High-Value At Risk
17336,472,1,81.12,1,1,1,111,Low Engagement
18124,472,1,102.65,1,1,1,111,Low Engagement
16299,472,2,178.65,1,2,1,121,At Risk
13415,472,5,665.42,1,3,2,132,At Risk
18140,473,1,536.41,1,1,2,112,Low Engagement
15003,473,7,1022.03,1,3,3,133,High-Value At Risk
16234,473,4,312.78,1,3,1,131,At Risk
16396,473,3,102.70,1,2,1,121,At Risk
14187,473,1,123.50,1,1,1,111,Low Engagement
16004,474,5,2146.39,1,3,4,134,High-Value At Risk
17471,474,1,321.65,1,1,2,112,Low Engagement
15055,474,3,549.12,1,2,2,122,At Risk
14767,474,1,382.81,1,1,2,112,Low Engagement
16562,476,1,223.86,1,1,1,111,Low Engagement
16890,476,3,277.91,1,2,1,121,At Risk
17699,476,2,442.00,1,2,2,122,At Risk
16294,476,1,126.05,1,1,1,111,Low Engagement
18286,476,3,1138.43,1,2,3,123,At Risk
15702,476,2,112.57,1,2,1,121,At Risk
16286,477,4,263.65,1,3,1,131,At Risk
17745,477,2,600.34,1,2,2,122,At Risk
12801,477,2,831.87,1,2,3,123,At Risk
14521,477,2,167.65,1,1,1,111,Low Engagement
15268,478,4,941.25,1,3,3,133,High-Value At Risk
15310,478,1,1634.64,1,1,3,113,Low Engagement
17627,478,2,285.11,1,2,1,121,At Risk
14531,479,1,376.34,1,1,2,112,Low Engagement
14749,479,1,310.15,1,1,1,111,Low Engagement
15072,479,1,187.52,1,1,1,111,Low Engagement
14011,480,3,451.92,1,2,2,122,At Risk
15008,480,2,360.00,1,2,2,122,At Risk
14872,480,4,802.68,1,3,2,132,At Risk
12687,480,2,1858.91,1,1,3,113,Low Engagement
13063,480,1,188.40,1,1,1,111,Low Engagement
16631,481,8,1867.02,1,4,3,143,High-Value At Risk
14996,481,2,442.29,1,2,2,122,At Risk
14097,481,2,422.86,1,2,2,122,At Risk
15893,481,1,305.28,1,1,1,111,Low Engagement
14153,483,1,233.40,1,1,1,111,Low Engagement
13511,483,2,244.61,1,2,1,121,At Risk
17156,484,2,572.07,1,2,2,122,At Risk
12959,484,2,150.95,1,2,1,121,At Risk
14630,484,1,338.65,1,1,2,112,Low Engagement
12542,484,4,423.38,1,3,2,132,At Risk
14822,485,1,157.70,1,1,1,111,Low Engagement
16632,485,2,406.40,1,2,2,122,At Risk
14736,485,2,374.05,1,2,2,122,At Risk
14144,486,1,30.60,1,1,1,111,Low Engagement
13839,486,1,139.95,1,1,1,111,Low Engagement
12745,486,3,723.85,1,2,2,122,At Risk
15595,487,1,357.60,1,1,2,112,Low Engagement
13653,487,1,152.20,1,1,1,111,Low Engagement
13084,487,2,116.45,1,2,1,121,At Risk
17482,487,2,775.64,1,2,2,122,At Risk
13783,487,4,1542.09,1,3,3,133,High-Value At Risk
15013,487,10,1610.82,1,4,3,143,High-Value At Risk
14575,488,1,420.22,1,1,2,112,Low Engagement
16196,488,1,93.30,1,1,1,111,Low Engagement
16939,488,3,433.85,1,2,2,122,At Risk
15908,490,2,758.62,1,2,2,122,At Risk
12525,491,8,745.18,1,4,2,142,At Risk
15403,491,2,170.88,1,2,1,121,At Risk
14043,491,3,299.65,1,2,1,121,At Risk
15387,492,1,468.65,1,1,2,112,Low Engagement
15873,492,5,138.24,1,3,1,131,At Risk
15798,492,3,1535.37,1,2,3,123,At Risk
16417,492,1,35.70,1,1,1,111,Low Engagement
16334,492,1,263.73,1,1,1,111,Low Engagement
12998,492,4,897.38,1,3,3,133,High-Value At Risk
14253,493,2,363.40,1,1,2,112,Low Engagement
18207,493,3,505.12,1,2,2,122,At Risk
17665,493,1,563.10,1,1,2,112,Low Engagement
13679,493,3,281.26,1,2,1,121,At Risk
15200,494,1,549.05,1,1,2,112,Low Engagement
13766,495,1,190.35,1,1,1,111,Low Engagement
14833,498,1,94.80,1,1,1,111,Low Engagement
18264,498,1,603.25,1,1,2,112,Low Engagement
12737,498,2,0.00,1,2,1,121,At Risk
13371,498,4,2271.46,1,3,4,134,High-Value At Risk
14028,498,5,6786.00,1,3,4,134,High-Value At Risk
17168,498,1,400.20,1,1,2,112,Low Engagement
15331,499,4,755.41,1,3,2,132,At Risk
16937,499,1,196.25,1,1,1,111,Low Engagement
13796,499,1,289.70,1,1,1,111,Low Engagement
14384,500,1,58.50,1,1,1,111,Low Engagement
15788,500,2,215.53,1,2,1,121,At Risk
13855,500,5,1253.94,1,3,3,133,High-Value At Risk
17918,500,3,388.44,1,2,2,122,At Risk
15284,500,1,24.75,1,1,1,111,Low Engagement
16219,500,1,40.80,1,1,1,111,Low Engagement
18026,500,2,2074.07,1,2,3,123,At Risk
14435,501,1,90.42,1,1,1,111,Low Engagement
12813,501,3,1621.80,1,2,3,123,At Risk
14115,501,2,622.67,1,2,2,122,At Risk
15015,501,20,2255.27,1,4,4,144,High-Value At Risk
17224,501,1,100.86,1,1,1,111,Low Engagement
17494,501,1,54.70,1,1,1,111,Low Engagement
13201,502,4,1233.06,1,3,3,133,High-Value At Risk
16894,502,5,1265.26,1,3,3,133,High-Value At Risk
16075,502,3,726.98,1,2,2,122,At Risk
17112,502,1,197.57,1,1,1,111,Low Engagement
14938,502,4,2289.43,1,3,4,134,High-Value At Risk
15431,502,1,153.24,1,1,1,111,Low Engagement
15946,502,3,2304.18,1,2,4,124,At Risk
12595,504,1,281.02,1,1,1,111,Low Engagement
18132,504,1,220.13,1,1,1,111,Low Engagement
17177,505,1,119.50,1,1,1,111,Low Engagement
14166,505,2,251.15,1,2,1,121,At Risk
14858,505,1,180.75,1,1,1,111,Low Engagement
17113,505,8,2092.16,1,3,3,133,High-Value At Risk
16736,505,8,2904.51,1,4,4,144,High-Value At Risk
16165,505,1,79.90,1,1,1,111,Low Engagement
13788,505,1,3.75,1,1,1,111,Low Engagement
13913,506,1,42.22,1,1,1,111,Low Engagement
14797,507,1,300.31,1,1,1,111,Low Engagement
14061,507,3,917.43,1,2,3,123,At Risk
16467,508,8,2862.40,1,4,4,144,High-Value At Risk
13734,508,6,3445.34,1,3,4,134,High-Value At Risk
17395,508,1,97.50,1,1,1,111,Low Engagement
15633,509,18,4156.91,1,4,4,144,High-Value At Risk
17261,509,1,221.59,1,1,1,111,Low Engagement
17541,509,1,119.86,1,1,1,111,Low Engagement
14563,509,2,625.42,1,2,2,122,At Risk
14674,509,1,173.66,1,1,1,111,Low Engagement
18021,509,2,216.41,1,2,1,121,At Risk
14486,511,2,175.50,1,2,1,121,At Risk
14430,511,5,992.10,1,3,3,133,High-Value At Risk
13074,511,5,1362.84,1,3,3,133,High-Value At Risk
14007,512,1,79.48,1,1,1,111,Low Engagement
13559,512,2,990.00,1,2,3,123,At Risk
15542,512,4,833.16,1,3,3,133,High-Value At Risk
16435,512,3,1003.07,1,2,3,123,At Risk
17559,512,1,167.62,1,1,1,111,Low Engagement
14084,512,1,150.50,1,1,1,111,Low Engagement
15259,512,4,1182.38,1,3,3,133,High-Value At Risk
16251,512,1,128.31,1,1,1,111,Low Engagement
18197,513,2,221.40,1,2,1,121,At Risk
13872,513,6,891.32,1,3,3,133,High-Value At Risk
15941,513,2,230.60,1,2,1,121,At Risk
17773,514,2,575.37,1,2,2,122,At Risk
14069,514,2,225.81,1,2,1,121,At Risk
18238,515,1,270.92,1,1,1,111,Low Engagement
13779,515,1,161.13,1,1,1,111,Low Engagement
17847,515,2,125.74,1,2,1,121,At Risk
15650,515,3,539.03,1,2,2,122,At Risk
14516,516,1,151.17,1,1,1,111,Low Engagement
13595,516,3,784.48,1,2,2,122,At Risk
14580,518,1,14.85,1,1,1,111,Low Engagement
13612,518,2,777.79,1,2,2,122,At Risk
13337,518,2,1550.06,1,2,3,123,At Risk
16544,519,6,110.30,1,3,1,131,At Risk
14695,519,4,1466.72,1,3,3,133,High-Value At Risk
13997,519,3,376.46,1,2,2,122,At Risk
18279,519,1,231.34,1,1,1,111,Low Engagement
15137,520,5,747.55,1,3,2,132,At Risk
16443,520,1,162.24,1,1,1,111,Low Engagement
14279,520,2,191.86,1,2,1,121,At Risk
16649,520,1,306.58,1,1,1,111,Low Engagement
12632,520,4,684.88,1,3,2,132,At Risk
15056,520,1,113.65,1,1,1,111,Low Engagement
17129,520,1,31.85,1,1,1,111,Low Engagement
12825,521,2,518.63,1,2,2,122,At Risk
12730,521,1,703.25,1,1,2,112,Low Engagement
14876,521,2,256.70,1,2,1,121,At Risk
12529,522,2,311.78,1,2,1,121,At Risk
14900,522,1,13.92,1,1,1,111,Low Engagement
16974,522,2,365.50,1,2,2,122,At Risk
12469,522,2,3070.54,1,2,4,124,At Risk
16158,522,10,611.32,1,4,2,142,At Risk
13125,523,1,148.62,1,1,1,111,Low Engagement
14366,525,1,136.00,1,1,1,111,Low Engagement
15851,526,1,109.73,1,1,1,111,Low Engagement
12746,527,3,230.85,1,2,1,121,At Risk
15486,527,1,102.00,1,1,1,111,Low Engagement
14835,527,3,293.10,1,2,1,121,At Risk
17748,527,1,358.15,1,1,2,112,Low Engagement
17332,528,5,827.77,1,3,3,133,High-Value At Risk
13620,528,1,112.34,1,1,1,111,Low Engagement
14774,528,1,241.45,1,1,1,111,Low Engagement
16683,529,2,309.35,1,2,1,121,At Risk
12485,529,1,708.10,1,1,2,112,Low Engagement
17437,529,1,369.68,1,1,2,112,Low Engagement
16733,529,1,259.68,1,1,1,111,Low Engagement
12741,529,2,236.07,1,2,1,121,At Risk
12799,529,1,219.35,1,1,1,111,Low Engagement
18214,530,5,1480.99,1,3,3,133,High-Value At Risk
13585,530,4,674.46,1,3,2,132,At Risk
15102,530,2,554.67,1,1,2,112,Low Engagement
13057,530,4,528.24,1,3,2,132,At Risk
16453,530,2,251.71,1,2,1,121,At Risk
17099,533,1,582.17,1,1,2,112,Low Engagement
15323,533,4,320.90,1,3,2,132,At Risk
14509,534,1,110.95,1,1,1,111,Low Engagement
13942,534,1,320.00,1,1,2,112,Low Engagement
17304,534,1,111.50,1,1,1,111,Low Engagement
12810,534,2,534.99,1,2,2,122,At Risk
15913,534,1,6.30,1,1,1,111,Low Engagement
15991,534,1,150.55,1,1,1,111,Low Engagement
12774,535,1,83.70,1,1,1,111,Low Engagement
14874,535,1,116.18,1,1,1,111,Low Engagement
12634,535,2,360.00,1,2,2,122,At Risk
16390,536,3,467.50,1,2,2,122,At Risk
17192,536,1,75.28,1,1,1,111,Low Engagement
15126,536,2,449.49,1,2,2,122,At Risk
16486,537,1,134.36,1,1,1,111,Low Engagement
15538,537,11,3036.10,1,4,4,144,High-Value At Risk
18128,537,1,399.29,1,1,2,112,Low Engagement
13676,539,3,153.15,1,2,1,121,At Risk
12932,539,8,1698.56,1,4,3,143,High-Value At Risk
14919,539,1,359.35,1,1,2,112,Low Engagement
13608,540,1,232.05,1,1,1,111,Low Engagement
13335,540,1,0.00,1,1,1,111,Low Engagement
16925,540,1,125.65,1,1,1,111,Low Engagement
16492,540,1,385.56,1,1,2,112,Low Engagement
15718,540,1,293.79,1,1,1,111,Low Engagement
16981,540,1,0.00,1,1,1,111,Low Engagement
16661,540,5,788.31,1,3,2,132,At Risk
17953,540,1,148.67,1,1,1,111,Low Engagement
17399,540,1,0.00,1,1,1,111,Low Engagement
17610,540,8,1410.29,1,3,3,133,High-Value At Risk
18023,540,1,0.00,1,1,1,111,Low Engagement
14374,541,1,108.00,1,1,1,111,Low Engagement
16538,541,3,395.07,1,2,2,122,At Risk
13112,541,3,-5.44,1,2,1,121,At Risk
15040,541,1,7.49,1,1,1,111,Low Engagement
13586,541,1,127.28,1,1,1,111,Low Engagement
17401,541,1,114.85,1,1,1,111,Low Engagement
16622,542,2,205.60,1,2,1,121,At Risk
17020,542,2,935.62,1,2,3,123,At Risk
15816,542,3,93.30,1,2,1,121,At Risk
15926,542,1,134.44,1,1,1,111,Low Engagement
13383,543,1,305.28,1,1,1,111,Low Engagement
18020,543,2,129.28,1,2,1,121,At Risk
15905,543,1,114.69,1,1,1,111,Low Engagement
17922,543,1,170.40,1,1,1,111,Low Engagement
16132,544,2,664.20,1,2,2,122,At Risk
13190,544,4,518.76,1,3,2,132,At Risk
13619,544,2,223.44,1,2,1,121,At Risk
13794,546,1,126.03,1,1,1,111,Low Engagement
17246,546,2,38.92,1,2,1,121,At Risk
13231,546,1,0.00,1,1,1,111,Low Engagement
14255,546,4,0.00,1,3,1,131,At Risk
17902,546,1,216.40,1,1,1,111,Low Engagement
16547,546,1,104.26,1,1,1,111,Low Engagement
17546,546,1,0.00,1,1,1,111,Low Engagement
16862,547,4,662.33,1,3,2,132,At Risk
13438,547,1,46.50,1,1,1,111,Low Engagement
15183,547,4,637.03,1,3,2,132,At Risk
15684,547,6,147.80,1,3,1,131,At Risk
17808,548,4,262.64,1,3,1,131,At Risk
15352,548,1,111.15,1,1,1,111,Low Engagement
17971,548,1,161.94,1,1,1,111,Low Engagement
13020,548,5,606.96,1,3,2,132,At Risk
16604,548,3,326.25,1,2,2,122,At Risk
17417,548,1,164.18,1,1,1,111,Low Engagement
14308,549,5,0.00,1,3,1,131,At Risk
14671,549,2,1127.45,1,2,3,123,At Risk
18103,549,1,105.80,1,1,1,111,Low Engagement
17543,549,1,120.05,1,1,1,111,Low Engagement
17784,550,1,112.86,1,1,1,111,Low Engagement
14786,550,1,90.96,1,1,1,111,Low Engagement
18100,550,1,451.56,1,1,2,112,Low Engagement
12911,551,1,1651.72,1,1,3,113,Low Engagement
16335,551,8,2726.52,1,3,4,134,High-Value At Risk
18234,551,1,179.60,1,1,1,111,Low Engagement
17915,551,1,225.78,1,1,1,111,Low Engagement
17009,551,1,242.06,1,1,1,111,Low Engagement
15956,551,2,617.60,1,2,2,122,At Risk
18137,551,2,145.99,1,2,1,121,At Risk
13056,551,1,209.48,1,1,1,111,Low Engagement
18206,553,1,314.66,1,1,1,111,Low Engagement
15731,553,1,125.30,1,1,1,111,Low Engagement
12675,553,4,849.55,1,3,3,133,High-Value At Risk
17216,554,1,63.60,1,1,1,111,Low Engagement
15359,554,9,162.60,1,4,1,141,At Risk
16798,554,4,832.21,1,3,3,133,High-Value At Risk
13175,554,4,793.10,1,3,2,132,At Risk
14033,555,1,109.44,1,1,1,111,Low Engagement
15305,555,1,93.60,1,1,1,111,Low Engagement
16896,555,1,103.95,1,1,1,111,Low Engagement
15715,555,5,658.02,1,3,2,132,At Risk
12677,555,3,353.30,1,2,2,122,At Risk
17845,555,4,596.09,1,3,2,132,At Risk
15711,556,2,420.25,1,2,2,122,At Risk
18038,556,1,141.48,1,1,1,111,Low Engagement
17617,558,2,227.14,1,2,1,121,At Risk
18163,560,2,639.34,1,2,2,122,At Risk
12499,560,1,357.72,1,1,2,112,Low Engagement
16035,560,1,217.73,1,1,1,111,Low Engagement
17583,560,1,135.95,1,1,1,111,Low Engagement
15278,561,4,496.16,1,3,2,132,At Risk
15340,561,1,105.50,1,1,1,111,Low Engagement
16695,561,2,191.90,1,2,1,121,At Risk
15878,561,2,330.77,1,2,2,122,At Risk
16844,562,2,614.34,1,2,2,122,At Risk
16067,562,6,2900.01,1,3,4,134,High-Value At Risk
16046,562,1,235.78,1,1,1,111,Low Engagement
17074,562,1,203.05,1,1,1,111,Low Engagement
15217,563,1,426.24,1,1,2,112,Low Engagement
16328,563,1,310.83,1,1,1,111,Low Engagement
14993,563,1,36.13,1,1,1,111,Low Engagement
13768,563,8,758.07,1,3,2,132,At Risk
12773,564,2,0.00,1,2,1,121,At Risk
14394,564,1,93.80,1,1,1,111,Low Engagement
15086,564,2,218.53,1,2,1,121,At Risk
18000,564,1,124.25,1,1,1,111,Low Engagement
16831,564,1,91.80,1,1,1,111,Low Engagement
18052,564,1,10877.18,1,1,4,114,Low Engagement
18208,565,1,360.08,1,1,2,112,Low Engagement
14010,565,3,288.10,1,2,1,121,At Risk
16615,568,2,264.50,1,2,1,121,At Risk
15559,568,1,1109.40,1,1,3,113,Low Engagement
13616,568,2,283.85,1,2,1,121,At Risk
14464,568,2,111.00,1,2,1,121,At Risk
16664,569,1,109.20,1,1,1,111,Low Engagement
14325,569,1,245.48,1,1,1,111,Low Engagement
17184,569,2,198.41,1,2,1,121,At Risk
13164,569,3,308.45,1,2,1,121,At Risk
16564,569,1,87.80,1,1,1,111,Low Engagement
15282,570,1,348.59,1,1,2,112,Low Engagement
15391,570,2,282.92,1,2,1,121,At Risk
14678,571,2,386.44,1,2,2,122,At Risk
18157,571,1,213.90,1,1,1,111,Low Engagement
14017,571,1,229.75,1,1,1,111,Low Engagement
13905,571,3,244.45,1,2,1,121,At Risk
13432,571,2,436.55,1,2,2,122,At Risk
14982,572,1,234.88,1,1,1,111,Low Engagement
16922,572,1,611.08,1,1,2,112,Low Engagement
16507,572,1,142.71,1,1,1,111,Low Engagement
16077,574,2,600.00,1,2,2,122,At Risk
13400,574,2,300.93,1,2,1,121,At Risk
13830,574,2,135.95,1,2,1,121,At Risk
14831,574,7,1623.97,1,3,3,133,High-Value At Risk
12894,575,1,157.35,1,1,1,111,Low Engagement
16088,575,2,1437.43,1,2,3,123,At Risk
15470,575,1,63.42,1,1,1,111,Low Engagement
12549,575,6,1570.68,1,3,3,133,High-Value At Risk
14685,576,13,4241.16,1,4,4,144,High-Value At Risk
17016,576,1,552.40,1,1,2,112,Low Engagement
17484,576,2,209.57,1,2,1,121,At Risk
13834,576,3,269.89,1,2,1,121,At Risk
12905,576,3,1011.82,1,2,3,123,At Risk
14391,576,1,135.60,1,1,1,111,Low Engagement
13943,577,1,246.54,1,1,1,111,Low Engagement
16487,577,2,209.40,1,2,1,121,At Risk
13222,577,1,88.50,1,1,1,111,Low Engagement
14941,578,1,182.10,1,1,1,111,Low Engagement
17563,578,5,313.78,1,3,1,131,At Risk
14588,578,1,135.39,1,1,1,111,Low Engagement
18275,578,2,741.85,1,2,2,122,At Risk
13407,578,6,2111.89,1,3,3,133,High-Value At Risk
13051,578,2,155.80,1,2,1,121,At Risk
17077,578,1,306.00,1,1,1,111,Low Engagement
14361,578,1,214.71,1,1,1,111,Low Engagement
13007,579,1,175.25,1,1,1,111,Low Engagement
17225,581,1,131.15,1,1,1,111,Low Engagement
14814,581,1,152.96,1,1,1,111,Low Engagement
17028,581,3,1593.83,1,2,3,123,At Risk
14826,581,2,385.20,1,2,2,122,At Risk
18254,581,1,267.90,1,1,1,111,Low Engagement
17798,581,1,172.17,1,1,1,111,Low Engagement
13342,582,1,-14.10,1,1,1,111,Low Engagement
15591,582,3,217.90,1,2,1,121,At Risk
17199,582,1,135.04,1,1,1,111,Low Engagement
13143,582,2,399.20,1,2,2,122,At Risk
18028,583,1,192.05,1,1,1,111,Low Engagement
18111,583,2,398.90,1,2,2,122,At Risk
13393,583,6,1105.85,1,3,3,133,High-Value At Risk
13287,583,7,519.67,1,3,2,132,At Risk
15868,583,1,94.53,1,1,1,111,Low Engagement
16543,583,2,277.81,1,2,1,121,At Risk
13042,584,4,1454.84,1,3,3,133,High-Value At Risk
13039,584,4,1010.73,1,3,3,133,High-Value At Risk
16651,586,1,136.20,1,1,1,111,Low Engagement
15229,586,1,160.50,1,1,1,111,Low Engagement
17565,586,1,131.83,1,1,1,111,Low Engagement
14773,588,2,125.70,1,2,1,121,At Risk
15818,588,1,340.50,1,1,2,112,Low Engagement
14683,588,1,146.56,1,1,1,111,Low Engagement
15954,589,1,187.80,1,1,1,111,Low Engagement
14650,589,1,62.50,1,1,1,111,Low Engagement
17605,590,1,160.75,1,1,1,111,Low Engagement
13775,590,1,1049.66,1,1,3,113,Low Engagement
14724,590,1,341.90,1,1,2,112,Low Engagement
12698,590,1,285.75,1,1,1,111,Low Engagement
12392,591,1,234.75,1,1,1,111,Low Engagement
17185,591,3,229.46,1,2,1,121,At Risk
16267,591,1,186.66,1,1,1,111,Low Engagement
16408,591,1,231.93,1,1,1,111,Low Engagement
16749,591,2,4157.88,1,2,4,124,At Risk
14471,591,2,400.95,1,2,2,122,At Risk
15586,591,4,1128.66,1,3,3,133,High-Value At Risk
17093,592,1,235.88,1,1,1,111,Low Engagement
14677,592,1,184.91,1,1,1,111,Low Engagement
17959,592,1,140.75,1,1,1,111,Low Engagement
14743,592,1,50.48,1,1,1,111,Low Engagement
14999,592,1,129.48,1,1,1,111,Low Engagement
18091,593,1,360.85,1,1,2,112,Low Engagement
13609,593,1,167.35,1,1,1,111,Low Engagement
16068,593,1,115.73,1,1,1,111,Low Engagement
16585,593,2,341.59,1,2,2,122,At Risk
15548,595,1,158.09,1,1,1,111,Low Engagement
15474,595,1,150.35,1,1,1,111,Low Engagement
16028,595,1,82.20,1,1,1,111,Low Engagement
17057,596,1,288.79,1,1,1,111,Low Engagement
14556,596,3,815.69,1,2,2,122,At Risk
17729,596,1,438.65,1,1,2,112,Low Engagement
15849,596,1,0.00,1,1,1,111,Low Engagement
13935,596,3,6116.92,1,2,4,124,At Risk
13625,596,1,301.26,1,1,1,111,Low Engagement
17622,596,3,1125.17,1,2,3,123,At Risk
17240,596,1,130.60,1,1,1,111,Low Engagement
15231,596,2,228.36,1,2,1,121,At Risk
14917,596,2,1123.75,1,2,3,123,At Risk
15176,596,2,985.09,1,2,3,123,At Risk
13698,596,2,451.73,1,2,2,122,At Risk
17681,597,6,529.60,1,3,2,132,At Risk
15455,597,1,38.25,1,1,1,111,Low Engagement
12780,598,1,322.40,1,1,2,112,Low Engagement
12983,598,1,490.08,1,1,2,112,Low Engagement
15354,598,7,0.00,1,3,1,131,At Risk
17825,598,4,701.96,1,3,2,132,At Risk
16151,598,1,0.00,1,1,1,111,Low Engagement
14812,598,1,178.85,1,1,1,111,Low Engagement
18134,598,2,445.00,1,2,2,122,At Risk
15682,599,3,316.99,1,2,1,121,At Risk
15273,599,1,228.96,1,1,1,111,Low Engagement
12742,599,2,1185.02,1,1,3,113,Low Engagement
16548,599,1,30.15,1,1,1,111,Low Engagement
17474,599,1,1047.00,1,1,3,113,Low Engagement
14845,599,1,150.00,1,1,1,111,Low Engagement
13286,600,1,734.91,1,1,2,112,Low Engagement
15979,602,1,329.22,1,1,2,112,Low Engagement
12969,602,1,122.45,1,1,1,111,Low Engagement
17626,602,1,254.00,1,1,1,111,Low Engagement
17842,602,1,430.69,1,1,2,112,Low Engagement
13633,603,1,0.00,1,1,1,111,Low Engagement
16840,603,3,139.85,1,2,1,121,At Risk
17452,603,1,0.00,1,1,1,111,Low Engagement
14380,603,2,0.00,1,2,1,121,At Risk
13661,603,1,325.24,1,1,2,112,Low Engagement
17013,603,2,0.00,1,2,1,121,At Risk
15771,604,3,1006.54,1,2,3,123,At Risk
17039,604,1,1954.99,1,1,3,113,Low Engagement
14914,605,1,-5.85,1,1,1,111,Low Engagement
15982,605,1,324.51,1,1,2,112,Low Engagement
14172,605,4,356.27,1,2,2,122,At Risk
14771,605,3,579.92,1,2,2,122,At Risk
12459,605,1,398.36,1,1,2,112,Low Engagement
12671,606,1,2622.48,1,1,4,114,Low Engagement
13852,606,2,170.45,1,2,1,121,At Risk
14791,606,1,303.63,1,1,1,111,Low Engagement
15546,606,3,539.55,1,2,2,122,At Risk
13180,607,1,86.10,1,1,1,111,Low Engagement
13197,609,1,373.01,1,1,2,112,Low Engagement
18271,609,2,680.85,1,2,2,122,At Risk
12786,609,1,668.50,1,1,2,112,Low Engagement
16944,609,1,101.36,1,1,1,111,Low Engagement
14160,610,7,8421.47,1,3,4,134,High-Value At Risk
15309,610,10,715.53,1,4,2,142,At Risk
15613,610,1,433.72,1,1,2,112,Low Engagement
13163,610,2,0.00,1,2,1,121,At Risk
17529,610,2,1240.25,1,2,3,123,At Risk
13640,611,1,405.00,1,1,2,112,Low Engagement
15112,611,1,209.40,1,1,1,111,Low Engagement
12711,611,2,1213.05,1,2,3,123,At Risk
16941,611,1,33.00,1,1,1,111,Low Engagement
15770,612,1,321.45,1,1,2,112,Low Engagement
14990,612,2,304.17,1,2,1,121,At Risk
13071,612,1,129.22,1,1,1,111,Low Engagement
17477,612,5,1079.00,1,3,3,133,High-Value At Risk
14694,617,1,244.31,1,1,1,111,Low Engagement
15997,617,1,-23.40,1,1,1,111,Low Engagement
17993,617,1,225.99,1,1,1,111,Low Engagement
14200,617,1,379.20,1,1,2,112,Low Engagement
17539,617,7,997.34,1,3,3,133,High-Value At Risk
14706,618,1,367.54,1,1,2,112,Low Engagement
15029,618,2,362.15,1,2,2,122,At Risk
16845,618,1,253.88,1,1,1,111,Low Engagement
13179,618,1,572.31,1,1,2,112,Low Engagement
16704,618,2,664.16,1,2,2,122,At Risk
12533,618,6,1005.99,1,3,3,133,High-Value At Risk
13219,618,1,76.23,1,1,1,111,Low Engagement
15742,619,1,156.87,1,1,1,111,Low Engagement
17586,619,1,167.40,1,1,1,111,Low Engagement
14928,619,2,204.46,1,2,1,121,At Risk
12861,619,1,68.25,1,1,1,111,Low Engagement
15575,619,1,30.10,1,1,1,111,Low Engagement
16502,620,2,258.55,1,2,1,121,At Risk
12496,620,2,45.34,1,2,1,121,At Risk
13412,620,1,487.35,1,1,2,112,Low Engagement
14378,621,1,131.25,1,1,1,111,Low Engagement
15848,621,1,137.99,1,1,1,111,Low Engagement
13825,621,2,255.59,1,2,1,121,At Risk
14809,621,2,686.76,1,2,2,122,At Risk
13053,621,1,127.65,1,1,1,111,Low Engagement
14330,623,1,200.63,1,1,1,111,Low Engagement
14074,623,1,219.40,1,1,1,111,Low Engagement
18187,623,3,682.19,1,2,2,122,At Risk
18166,623,1,175.50,1,1,1,111,Low Engagement
12663,624,3,150.00,1,2,1,121,At Risk
13459,624,2,1160.41,1,2,3,123,At Risk
13100,624,1,0.00,1,1,1,111,Low Engagement
15698,624,1,46.20,1,1,1,111,Low Engagement
14313,624,1,0.00,1,1,1,111,Low Engagement
16090,624,1,180.56,1,1,1,111,Low Engagement
13409,624,1,0.00,1,1,1,111,Low Engagement
13401,624,1,0.00,1,1,1,111,Low Engagement
15896,624,1,0.00,1,1,1,111,Low Engagement
16002,625,1,169.21,1,1,1,111,Low Engagement
16741,625,1,173.06,1,1,1,111,Low Engagement
13896,625,1,388.55,1,1,2,112,Low Engagement
17072,625,1,273.35,1,1,1,111,Low Engagement
16578,626,1,156.60,1,1,1,111,Low Engagement
14596,626,1,222.22,1,1,1,111,Low Engagement
16296,626,6,1245.97,1,3,3,133,High-Value At Risk
13445,626,1,241.90,1,1,1,111,Low Engagement
16994,626,1,0.00,1,1,1,111,Low Engagement
12918,626,3,0.00,1,2,1,121,At Risk
16970,626,1,71.40,1,1,1,111,Low Engagement
16911,627,3,251.35,1,2,1,121,At Risk
17916,628,2,43.87,1,2,1,121,At Risk
16397,628,1,123.13,1,1,1,111,Low Engagement
12368,628,1,917.70,1,1,3,113,Low Engagement
17587,628,1,173.76,1,1,1,111,Low Engagement
17285,628,2,400.44,1,2,2,122,At Risk
12796,628,1,351.00,1,1,2,112,Low Engagement
16508,630,1,240.95,1,1,1,111,Low Engagement
15760,630,5,0.00,1,3,1,131,At Risk
16514,630,1,0.00,1,1,1,111,Low Engagement
14939,630,1,0.00,1,1,1,111,Low Engagement
16452,630,2,332.17,1,2,2,122,At Risk
14832,630,3,0.00,1,2,1,121,At Risk
17445,630,1,0.00,1,1,1,111,Low Engagement
13128,631,1,263.50,1,1,1,111,Low Engagement
15496,631,1,146.14,1,1,1,111,Low Engagement
18131,631,1,222.96,1,1,1,111,Low Engagement
17479,632,1,389.26,1,1,2,112,Low Engagement
17933,632,1,105.99,1,1,1,111,Low Engagement
13902,632,8,30375.26,1,3,4,134,High-Value At Risk
12366,633,1,500.24,1,1,2,112,Low Engagement
17568,633,1,374.45,1,1,2,112,Low Engagement
14604,633,1,136.36,1,1,1,111,Low Engagement
12495,634,2,243.40,1,2,1,121,At Risk
13530,634,1,402.98,1,1,2,112,Low Engagement
13543,634,2,1439.61,1,2,3,123,At Risk
18051,634,8,2275.98,1,3,4,134,High-Value At Risk
13688,635,1,375.50,1,1,2,112,Low Engagement
13724,637,1,213.01,1,1,1,111,Low Engagement
12692,637,1,110.95,1,1,1,111,Low Engagement
12954,638,1,162.45,1,1,1,111,Low Engagement
13413,639,8,353.12,1,3,2,132,At Risk
15558,639,2,131.88,1,2,1,121,At Risk
15250,640,1,60.00,1,1,1,111,Low Engagement
13641,640,7,847.72,1,3,3,133,High-Value At Risk
17907,640,1,291.76,1,1,1,111,Low Engagement
15767,641,2,-242.70,1,2,1,121,At Risk
17488,641,1,336.50,1,1,2,112,Low Engagement
16537,641,1,10.55,1,1,1,111,Low Engagement
17661,641,1,-54.00,1,1,1,111,Low Engagement
13454,641,1,219.87,1,1,1,111,Low Engagement
14369,642,2,469.13,1,2,2,122,At Risk
18029,642,1,433.77,1,1,2,112,Low Engagement
15631,642,1,596.67,1,1,2,112,Low Engagement
16534,642,1,635.90,1,1,2,112,Low Engagement
18253,642,1,317.88,1,1,1,111,Low Engagement
15929,644,1,594.00,1,1,2,112,Low Engagement
12568,644,1,52.00,1,1,1,111,Low Engagement
13879,645,1,395.50,1,1,2,112,Low Engagement
17577,645,2,348.75,1,2,2,122,At Risk
14018,645,1,367.15,1,1,2,112,Low Engagement
18148,646,1,112.85,1,1,1,111,Low Engagement
18152,646,1,426.69,1,1,2,112,Low Engagement
15875,646,1,108.52,1,1,1,111,Low Engagement
13793,646,1,96.00,1,1,1,111,Low Engagement
16285,646,1,176.90,1,1,1,111,Low Engagement
15927,647,1,106.54,1,1,1,111,Low Engagement
17638,647,2,842.40,1,2,3,123,At Risk
16273,648,2,318.34,1,2,1,121,At Risk
14131,648,1,168.22,1,1,1,111,Low Engagement
16731,648,1,170.30,1,1,1,111,Low Engagement
17305,648,1,2135.46,1,1,3,113,Low Engagement
17116,648,1,389.78,1,1,2,112,Low Engagement
15477,649,1,368.40,1,1,2,112,Low Engagement
15943,649,2,271.29,1,2,1,121,At Risk
18046,649,1,189.63,1,1,1,111,Low Engagement
17209,649,3,595.70,1,2,2,122,At Risk
14402,652,1,285.60,1,1,1,111,Low Engagement
13604,652,2,713.39,1,2,2,122,At Risk
17207,652,1,291.77,1,1,1,111,Low Engagement
16388,653,1,186.05,1,1,1,111,Low Engagement
13765,653,1,352.82,1,1,2,112,Low Engagement
13944,653,1,200.43,1,1,1,111,Low Engagement
14558,653,5,614.10,1,3,2,132,At Risk
13469,653,1,82.40,1,1,1,111,Low Engagement
15295,654,1,207.04,1,1,1,111,Low Engagement
13490,654,1,154.25,1,1,1,111,Low Engagement
14726,654,1,116.50,1,1,1,111,Low Engagement
14091,654,2,9530.08,1,2,4,124,At Risk
17195,655,1,562.98,1,1,2,112,Low Engagement
17439,655,1,325.74,1,1,2,112,Low Engagement
14783,655,2,305.35,1,2,1,121,At Risk
12416,656,1,202.56,1,1,1,111,Low Engagement
15928,656,1,293.53,1,1,1,111,Low Engagement
14602,656,1,205.36,1,1,1,111,Low Engagement
13191,658,1,159.21,1,1,1,111,Low Engagement
14244,659,2,354.82,1,2,2,122,At Risk
16481,659,3,430.93,1,2,2,122,At Risk
17721,659,1,307.21,1,1,1,111,Low Engagement
15693,659,1,37.50,1,1,1,111,Low Engagement
18267,659,2,252.87,1,2,1,121,At Risk
18153,659,1,246.22,1,1,1,111,Low Engagement
18285,660,1,377.00,1,1,2,112,Low Engagement
17778,661,1,197.70,1,1,1,111,Low Engagement
14989,661,1,342.40,1,1,2,112,Low Engagement
15662,661,2,283.73,1,2,1,121,At Risk
17662,661,2,412.92,1,2,2,122,At Risk
15371,662,1,59.40,1,1,1,111,Low Engagement
17136,662,1,231.68,1,1,1,111,Low Engagement
15964,663,1,269.21,1,1,1,111,Low Engagement
16822,663,3,144.84,1,2,1,121,At Risk
14943,663,1,107.62,1,1,1,111,Low Engagement
17108,663,1,174.95,1,1,1,111,Low Engagement
14827,665,1,0.00,1,1,1,111,Low Engagement
15293,665,1,247.50,1,1,1,111,Low Engagement
14103,665,1,0.00,1,1,1,111,Low Engagement
14072,666,1,390.85,1,1,2,112,Low Engagement
15765,666,1,370.63,1,1,2,112,Low Engagement
14190,666,1,79.90,1,1,1,111,Low Engagement
16577,666,1,380.00,1,1,2,112,Low Engagement
17575,667,1,171.70,1,1,1,111,Low Engagement
13442,667,3,419.87,1,2,2,122,At Risk
12776,667,1,27.50,1,1,1,111,Low Engagement
17780,667,3,346.56,1,2,2,122,At Risk
15082,668,1,93.35,1,1,1,111,Low Engagement
16436,668,4,231.84,1,3,1,131,At Risk
17810,668,3,343.21,1,2,2,122,At Risk
16530,668,1,48.35,1,1,1,111,Low Engagement
13119,668,1,134.90,1,1,1,111,Low Engagement
18070,669,2,307.75,1,2,1,121,At Risk
14884,669,1,120.60,1,1,1,111,Low Engagement
17294,669,2,467.79,1,2,2,122,At Risk
15892,669,1,128.20,1,1,1,111,Low Engagement
17319,669,1,29.10,1,1,1,111,Low Engagement
16082,670,1,106.75,1,1,1,111,Low Engagement
13009,672,1,234.00,1,1,1,111,Low Engagement
13234,672,2,346.50,1,2,2,122,At Risk
14151,673,3,666.70,1,2,2,122,At Risk
17328,673,1,104.70,1,1,1,111,Low Engagement
13553,674,1,499.60,1,1,2,112,Low Engagement
14545,674,1,349.25,1,1,2,112,Low Engagement
13757,674,1,195.55,1,1,1,111,Low Engagement
12396,674,1,931.43,1,1,3,113,Low Engagement
18175,675,1,176.10,1,1,1,111,Low Engagement
12848,675,1,208.00,1,1,1,111,Low Engagement
18199,675,2,342.20,1,2,2,122,At Risk
13628,676,1,310.14,1,1,1,111,Low Engagement
15317,677,2,112.05,1,2,1,121,At Risk
15588,677,1,579.60,1,1,2,112,Low Engagement
15338,677,1,277.93,1,1,1,111,Low Engagement
14637,677,1,106.68,1,1,1,111,Low Engagement
13392,677,1,91.14,1,1,1,111,Low Engagement
15487,679,1,231.32,1,1,1,111,Low Engagement
16673,679,1,171.13,1,1,1,111,Low Engagement
17943,679,1,0.00,1,1,1,111,Low Engagement
16802,679,2,582.61,1,2,2,122,At Risk
17982,680,1,138.18,1,1,1,111,Low Engagement
16137,680,1,422.70,1,1,2,112,Low Engagement
14613,680,1,76.32,1,1,1,111,Low Engagement
14137,681,2,294.10,1,2,1,121,At Risk
16051,681,1,188.44,1,1,1,111,Low Engagement
12869,681,1,337.67,1,1,2,112,Low Engagement
16575,682,1,0.00,1,1,1,111,Low Engagement
12466,682,1,0.00,1,1,1,111,Low Engagement
16291,682,1,0.00,1,1,1,111,Low Engagement
17130,682,1,0.00,1,1,1,111,Low Engagement
16154,682,1,0.00,1,1,1,111,Low Engagement
12555,682,1,0.00,1,1,1,111,Low Engagement
13664,682,1,0.00,1,1,1,111,Low Engagement
12706,682,1,0.00,1,1,1,111,Low Engagement
16047,682,1,0.00,1,1,1,111,Low Engagement
12570,682,1,0.00,1,1,1,111,Low Engagement
12382,682,1,0.00,1,1,1,111,Low Engagement
13528,682,1,0.00,1,1,1,111,Low Engagement
12439,682,3,1089.18,1,2,3,123,At Risk
12846,682,1,0.00,1,1,1,111,Low Engagement
15383,682,1,0.00,1,1,1,111,Low Engagement
12404,682,1,0.00,1,1,1,111,Low Engagement
15357,682,1,0.00,1,1,1,111,Low Engagement
12606,682,1,0.00,1,1,1,111,Low Engagement
15959,682,3,542.89,1,2,2,122,At Risk
13054,682,1,0.00,1,1,1,111,Low Engagement
14519,683,2,203.14,1,2,1,121,At Risk
14376,683,1,215.46,1,1,1,111,Low Engagement
14751,684,2,126.45,1,2,1,121,At Risk
14879,684,1,185.06,1,1,1,111,Low Engagement
13036,684,1,307.10,1,1,1,111,Low Engagement
14070,684,1,321.60,1,1,2,112,Low Engagement
17794,686,2,147.30,1,2,1,121,At Risk
14274,686,1,256.60,1,1,1,111,Low Engagement
14207,687,1,157.80,1,1,1,111,Low Engagement
13457,688,4,143.27,1,3,1,131,At Risk
13622,688,2,651.45,1,2,2,122,At Risk
17875,688,1,167.10,1,1,1,111,Low Engagement
13315,689,1,310.26,1,1,1,111,Low Engagement
16867,689,1,76.74,1,1,1,111,Low Engagement
15697,689,1,246.75,1,1,1,111,Low Engagement
14983,689,1,183.20,1,1,1,111,Low Engagement
12470,689,1,211.95,1,1,1,111,Low Engagement
14892,690,1,202.35,1,1,1,111,Low Engagement
15375,690,1,60.96,1,1,1,111,Low Engagement
13907,691,1,136.80,1,1,1,111,Low Engagement
12860,693,1,54.22,1,1,1,111,Low Engagement
16304,694,1,381.66,1,1,2,112,Low Engagement
17352,696,1,36.25,1,1,1,111,Low Engagement
17945,696,3,359.50,1,2,2,122,At Risk
18115,697,1,9.70,1,1,1,111,Low Engagement
13749,701,1,-10.25,1,1,1,111,Low Engagement
15324,701,1,140.22,1,1,1,111,Low Engagement
15409,701,2,117.20,1,2,1,121,At Risk
14969,703,1,906.23,1,1,3,113,Low Engagement
17632,717,2,-12.70,1,2,1,121,At Risk
13111,718,1,321.88,1,1,2,112,Low Engagement
13847,719,1,310.72,1,1,1,111,Low Engagement
17927,721,1,294.00,1,1,1,111,Low Engagement
14095,722,1,2.95,1,1,1,111,Low Engagement
16439,722,1,310.70,1,1,1,111,Low Engagement
18201,722,1,447.53,1,1,2,112,Low Engagement
17103,722,1,424.30,1,1,2,112,Low Engagement
15302,722,2,291.05,1,2,1,121,At Risk
18186,722,1,329.58,1,1,2,112,Low Engagement
16908,722,2,153.59,1,2,1,121,At Risk
16195,723,1,323.25,1,1,2,112,Low Engagement
13289,723,1,307.95,1,1,1,111,Low Engagement
16694,723,1,98.30,1,1,1,111,Low Engagement
15499,723,1,158.65,1,1,1,111,Low Engagement
17833,723,1,338.46,1,1,2,112,Low Engagement
18012,723,1,115.30,1,1,1,111,Low Engagement
12941,724,1,377.49,1,1,2,112,Low Engagement
16605,724,1,60.48,1,1,1,111,Low Engagement
17067,724,3,454.54,1,2,2,122,At Risk
16064,725,1,109.31,1,1,1,111,Low Engagement
15672,725,1,45.30,1,1,1,111,Low Engagement
14042,725,1,431.98,1,1,2,112,Low Engagement
17012,725,1,360.61,1,1,2,112,Low Engagement
17318,725,1,157.33,1,1,1,111,Low Engagement
14977,725,1,31.93,1,1,1,111,Low Engagement
12992,725,1,93.35,1,1,1,111,Low Engagement
15188,725,1,310.43,1,1,1,111,Low Engagement
16280,725,1,238.05,1,1,1,111,Low Engagement
15534,725,1,162.25,1,1,1,111,Low Engagement
13087,726,1,313.64,1,1,1,111,Low Engagement
17910,726,1,261.70,1,1,1,111,Low Engagement
17066,726,1,228.34,1,1,1,111,Low Engagement
17645,728,1,-9.90,1,1,1,111,Low Engagement
15162,728,2,241.50,1,2,1,121,At Risk
16220,728,1,-10.17,1,1,1,111,Low Engagement
16580,728,1,-5.00,1,1,1,111,Low Engagement
17487,728,1,160.55,1,1,1,111,Low Engagement
16512,728,1,-33.90,1,1,1,111,Low Engagement
16663,729,1,165.00,1,1,1,111,Low Engagement
15642,729,1,105.78,1,1,1,111,Low Engagement
15085,729,1,347.54,1,1,2,112,Low Engagement
12979,729,2,479.54,1,2,2,122,At Risk
16459,729,1,71.79,1,1,1,111,Low Engagement
16901,729,1,204.26,1,1,1,111,Low Engagement
12487,730,2,259.80,1,2,1,121,At Risk
13498,730,1,327.38,1,1,2,112,Low Engagement
12896,730,1,-29.75,1,1,1,111,Low Engagement
15209,730,1,178.98,1,1,1,111,Low Engagement
17296,730,1,338.13,1,1,2,112,Low Engagement
13114,730,1,234.38,1,1,1,111,Low Engagement
16703,731,1,0.00,1,1,1,111,Low Engagement
14337,731,1,-658.63,1,1,1,111,Low Engagement
17178,731,1,432.96,1,1,2,112,Low Engagement
16853,731,1,-67.50,1,1,1,111,Low Engagement
14925,731,1,-7.95,1,1,1,111,Low Engagement
13025,731,1,323.39,1,1,2,112,Low Engagement
14864,731,1,-48.75,1,1,1,111,Low Engagement
13204,731,1,966.66,1,1,3,113,Low Engagement
15924,731,1,102.82,1,1,1,111,Low Engagement
14574,732,1,143.70,1,1,1,111,Low Engagement
18162,732,1,371.51,1,1,2,112,Low Engagement
17441,732,1,293.35,1,1,1,111,Low Engagement
12443,732,1,365.31,1,1,2,112,Low Engagement
14763,732,1,-9.95,1,1,1,111,Low Engagement
14003,732,1,209.41,1,1,1,111,Low Engagement
14955,732,1,163.77,1,1,1,111,Low Engagement
14717,733,2,72.80,1,2,1,121,At Risk
14468,733,1,204.24,1,1,1,111,Low Engagement
16964,733,2,207.85,1,2,1,121,At Risk
15479,733,1,147.40,1,1,1,111,Low Engagement
14123,733,1,436.18,1,1,2,112,Low Engagement
16277,733,1,188.69,1,1,1,111,Low Engagement
16410,734,1,130.32,1,1,1,111,Low Engagement
16541,735,2,419.78,1,2,2,122,At Risk
17151,735,1,231.90,1,1,1,111,Low Engagement
15999,735,1,20.40,1,1,1,111,Low Engagement
16645,735,1,160.39,1,1,1,111,Low Engagement
14979,735,1,429.66,1,1,2,112,Low Engagement
16192,735,1,351.30,1,1,2,112,Low Engagement
17271,736,1,204.30,1,1,1,111,Low Engagement
12934,736,1,181.65,1,1,1,111,Low Engagement
14750,736,1,112.03,1,1,1,111,Low Engagement
14347,736,1,82.60,1,1,1,111,Low Engagement
15794,736,2,777.00,1,2,2,122,At Risk
16301,736,1,107.33,1,1,1,111,Low Engagement
17909,737,1,110.05,1,1,1,111,Low Engagement
17606,737,1,87.30,1,1,1,111,Low Engagement
17818,737,1,124.78,1,1,1,111,Low Engagement
14106,737,1,214.80,1,1,1,111,Low Engagement
14980,737,1,150.68,1,1,1,111,Low Engagement
15833,737,1,80.40,1,1,1,111,Low Engagement
17087,737,1,221.53,1,1,1,111,Low Engagement
14654,738,1,246.86,1,1,1,111,Low Engagement
17485,738,1,-29.55,1,1,1,111,Low Engagement
17641,738,1,-6.95,1,1,1,111,Low Engagement
17056,738,1,128.60,1,1,1,111,Low Engagement
12636,738,1,0.00,1,1,1,111,Low Engagement
17592,738,2,0.00,1,2,1,121,At Risk
13526,738,4,942.60,1,3,3,133,High-Value At Risk
